pt1_X,pt1_Y,pt1_Z,pt2_X,pt2_Y,pt2_Z,pt3_X,pt3_Y,pt3_Z,pt4_X,pt4_Y,pt4_Z,pt5_X,pt5_Y,pt5_Z,pt6_X,pt6_Y,pt6_Z
NaN,NaN,NaN,NaN,NaN,NaN,NaN,NaN,NaN,NaN,NaN,NaN,NaN,NaN,NaN,NaN,NaN,NaN
NaN,NaN,NaN,NaN,NaN,NaN,NaN,NaN,NaN,NaN,NaN,NaN,NaN,NaN,NaN,NaN,NaN,NaN
NaN,NaN,NaN,NaN,NaN,NaN,NaN,NaN,NaN,NaN,NaN,NaN,NaN,NaN,NaN,NaN,NaN,NaN
NaN,NaN,NaN,NaN,NaN,NaN,NaN,NaN,NaN,NaN,NaN,NaN,NaN,NaN,NaN,NaN,NaN,NaN
NaN,NaN,NaN,NaN,NaN,NaN,NaN,NaN,NaN,NaN,NaN,NaN,NaN,NaN,NaN,NaN,NaN,NaN
NaN,NaN,NaN,NaN,NaN,NaN,NaN,NaN,NaN,NaN,NaN,NaN,NaN,NaN,NaN,NaN,NaN,NaN
NaN,NaN,NaN,NaN,NaN,NaN,NaN,NaN,NaN,NaN,NaN,NaN,NaN,NaN,NaN,NaN,NaN,NaN
NaN,NaN,NaN,NaN,NaN,NaN,NaN,NaN,NaN,NaN,NaN,NaN,NaN,NaN,NaN,NaN,NaN,NaN
NaN,NaN,NaN,NaN,NaN,NaN,NaN,NaN,NaN,NaN,NaN,NaN,NaN,NaN,NaN,NaN,NaN,NaN
NaN,NaN,NaN,NaN,NaN,NaN,NaN,NaN,NaN,NaN,NaN,NaN,NaN,NaN,NaN,NaN,NaN,NaN
NaN,NaN,NaN,NaN,NaN,NaN,NaN,NaN,NaN,NaN,NaN,NaN,NaN,NaN,NaN,NaN,NaN,NaN
NaN,NaN,NaN,NaN,NaN,NaN,NaN,NaN,NaN,NaN,NaN,NaN,NaN,NaN,NaN,NaN,NaN,NaN
NaN,NaN,NaN,NaN,NaN,NaN,NaN,NaN,NaN,NaN,NaN,NaN,NaN,NaN,NaN,NaN,NaN,NaN
NaN,NaN,NaN,NaN,NaN,NaN,NaN,NaN,NaN,NaN,NaN,NaN,NaN,NaN,NaN,NaN,NaN,NaN
NaN,NaN,NaN,NaN,NaN,NaN,NaN,NaN,NaN,NaN,NaN,NaN,NaN,NaN,NaN,NaN,NaN,NaN
NaN,NaN,NaN,NaN,NaN,NaN,NaN,NaN,NaN,NaN,NaN,NaN,NaN,NaN,NaN,NaN,NaN,NaN
NaN,NaN,NaN,NaN,NaN,NaN,NaN,NaN,NaN,NaN,NaN,NaN,NaN,NaN,NaN,NaN,NaN,NaN
NaN,NaN,NaN,NaN,NaN,NaN,NaN,NaN,NaN,NaN,NaN,NaN,NaN,NaN,NaN,NaN,NaN,NaN
NaN,NaN,NaN,NaN,NaN,NaN,NaN,NaN,NaN,NaN,NaN,NaN,NaN,NaN,NaN,NaN,NaN,NaN
NaN,NaN,NaN,NaN,NaN,NaN,NaN,NaN,NaN,NaN,NaN,NaN,NaN,NaN,NaN,NaN,NaN,NaN
NaN,NaN,NaN,NaN,NaN,NaN,NaN,NaN,NaN,NaN,NaN,NaN,NaN,NaN,NaN,NaN,NaN,NaN
NaN,NaN,NaN,NaN,NaN,NaN,NaN,NaN,NaN,NaN,NaN,NaN,NaN,NaN,NaN,NaN,NaN,NaN
NaN,NaN,NaN,NaN,NaN,NaN,NaN,NaN,NaN,NaN,NaN,NaN,NaN,NaN,NaN,NaN,NaN,NaN
NaN,NaN,NaN,NaN,NaN,NaN,NaN,NaN,NaN,NaN,NaN,NaN,NaN,NaN,NaN,NaN,NaN,NaN
NaN,NaN,NaN,NaN,NaN,NaN,NaN,NaN,NaN,NaN,NaN,NaN,NaN,NaN,NaN,NaN,NaN,NaN
NaN,NaN,NaN,NaN,NaN,NaN,NaN,NaN,NaN,NaN,NaN,NaN,NaN,NaN,NaN,NaN,NaN,NaN
NaN,NaN,NaN,NaN,NaN,NaN,NaN,NaN,NaN,NaN,NaN,NaN,NaN,NaN,NaN,NaN,NaN,NaN
NaN,NaN,NaN,NaN,NaN,NaN,NaN,NaN,NaN,NaN,NaN,NaN,NaN,NaN,NaN,NaN,NaN,NaN
NaN,NaN,NaN,NaN,NaN,NaN,NaN,NaN,NaN,NaN,NaN,NaN,NaN,NaN,NaN,NaN,NaN,NaN
NaN,NaN,NaN,NaN,NaN,NaN,NaN,NaN,NaN,NaN,NaN,NaN,NaN,NaN,NaN,NaN,NaN,NaN
NaN,NaN,NaN,NaN,NaN,NaN,NaN,NaN,NaN,NaN,NaN,NaN,NaN,NaN,NaN,NaN,NaN,NaN
NaN,NaN,NaN,NaN,NaN,NaN,NaN,NaN,NaN,NaN,NaN,NaN,NaN,NaN,NaN,NaN,NaN,NaN
NaN,NaN,NaN,NaN,NaN,NaN,NaN,NaN,NaN,NaN,NaN,NaN,NaN,NaN,NaN,NaN,NaN,NaN
NaN,NaN,NaN,NaN,NaN,NaN,NaN,NaN,NaN,NaN,NaN,NaN,NaN,NaN,NaN,NaN,NaN,NaN
NaN,NaN,NaN,NaN,NaN,NaN,NaN,NaN,NaN,NaN,NaN,NaN,NaN,NaN,NaN,NaN,NaN,NaN
NaN,NaN,NaN,NaN,NaN,NaN,NaN,NaN,NaN,NaN,NaN,NaN,NaN,NaN,NaN,NaN,NaN,NaN
NaN,NaN,NaN,NaN,NaN,NaN,NaN,NaN,NaN,NaN,NaN,NaN,NaN,NaN,NaN,NaN,NaN,NaN
NaN,NaN,NaN,NaN,NaN,NaN,NaN,NaN,NaN,NaN,NaN,NaN,NaN,NaN,NaN,NaN,NaN,NaN
NaN,NaN,NaN,NaN,NaN,NaN,NaN,NaN,NaN,NaN,NaN,NaN,NaN,NaN,NaN,NaN,NaN,NaN
NaN,NaN,NaN,NaN,NaN,NaN,NaN,NaN,NaN,NaN,NaN,NaN,NaN,NaN,NaN,NaN,NaN,NaN
NaN,NaN,NaN,NaN,NaN,NaN,NaN,NaN,NaN,NaN,NaN,NaN,NaN,NaN,NaN,NaN,NaN,NaN
NaN,NaN,NaN,NaN,NaN,NaN,NaN,NaN,NaN,NaN,NaN,NaN,NaN,NaN,NaN,NaN,NaN,NaN
NaN,NaN,NaN,NaN,NaN,NaN,NaN,NaN,NaN,NaN,NaN,NaN,NaN,NaN,NaN,NaN,NaN,NaN
NaN,NaN,NaN,NaN,NaN,NaN,NaN,NaN,NaN,NaN,NaN,NaN,NaN,NaN,NaN,NaN,NaN,NaN
NaN,NaN,NaN,NaN,NaN,NaN,NaN,NaN,NaN,NaN,NaN,NaN,NaN,NaN,NaN,NaN,NaN,NaN
NaN,NaN,NaN,NaN,NaN,NaN,NaN,NaN,NaN,NaN,NaN,NaN,NaN,NaN,NaN,NaN,NaN,NaN
NaN,NaN,NaN,NaN,NaN,NaN,NaN,NaN,NaN,NaN,NaN,NaN,NaN,NaN,NaN,NaN,NaN,NaN
NaN,NaN,NaN,NaN,NaN,NaN,NaN,NaN,NaN,NaN,NaN,NaN,NaN,NaN,NaN,NaN,NaN,NaN
NaN,NaN,NaN,NaN,NaN,NaN,NaN,NaN,NaN,NaN,NaN,NaN,NaN,NaN,NaN,NaN,NaN,NaN
NaN,NaN,NaN,NaN,NaN,NaN,NaN,NaN,NaN,NaN,NaN,NaN,NaN,NaN,NaN,NaN,NaN,NaN
NaN,NaN,NaN,NaN,NaN,NaN,NaN,NaN,NaN,NaN,NaN,NaN,NaN,NaN,NaN,NaN,NaN,NaN
NaN,NaN,NaN,NaN,NaN,NaN,NaN,NaN,NaN,NaN,NaN,NaN,NaN,NaN,NaN,NaN,NaN,NaN
NaN,NaN,NaN,NaN,NaN,NaN,NaN,NaN,NaN,NaN,NaN,NaN,NaN,NaN,NaN,NaN,NaN,NaN
NaN,NaN,NaN,NaN,NaN,NaN,NaN,NaN,NaN,NaN,NaN,NaN,NaN,NaN,NaN,NaN,NaN,NaN
NaN,NaN,NaN,NaN,NaN,NaN,NaN,NaN,NaN,NaN,NaN,NaN,NaN,NaN,NaN,NaN,NaN,NaN
NaN,NaN,NaN,NaN,NaN,NaN,NaN,NaN,NaN,NaN,NaN,NaN,NaN,NaN,NaN,NaN,NaN,NaN
NaN,NaN,NaN,NaN,NaN,NaN,NaN,NaN,NaN,NaN,NaN,NaN,NaN,NaN,NaN,NaN,NaN,NaN
NaN,NaN,NaN,NaN,NaN,NaN,NaN,NaN,NaN,NaN,NaN,NaN,NaN,NaN,NaN,NaN,NaN,NaN
NaN,NaN,NaN,NaN,NaN,NaN,NaN,NaN,NaN,NaN,NaN,NaN,NaN,NaN,NaN,NaN,NaN,NaN
NaN,NaN,NaN,NaN,NaN,NaN,NaN,NaN,NaN,NaN,NaN,NaN,NaN,NaN,NaN,NaN,NaN,NaN
NaN,NaN,NaN,NaN,NaN,NaN,NaN,NaN,NaN,NaN,NaN,NaN,NaN,NaN,NaN,NaN,NaN,NaN
NaN,NaN,NaN,NaN,NaN,NaN,NaN,NaN,NaN,NaN,NaN,NaN,NaN,NaN,NaN,NaN,NaN,NaN
NaN,NaN,NaN,NaN,NaN,NaN,NaN,NaN,NaN,NaN,NaN,NaN,NaN,NaN,NaN,NaN,NaN,NaN
NaN,NaN,NaN,NaN,NaN,NaN,NaN,NaN,NaN,NaN,NaN,NaN,NaN,NaN,NaN,NaN,NaN,NaN
NaN,NaN,NaN,NaN,NaN,NaN,NaN,NaN,NaN,NaN,NaN,NaN,NaN,NaN,NaN,NaN,NaN,NaN
NaN,NaN,NaN,NaN,NaN,NaN,NaN,NaN,NaN,NaN,NaN,NaN,NaN,NaN,NaN,NaN,NaN,NaN
NaN,NaN,NaN,NaN,NaN,NaN,NaN,NaN,NaN,NaN,NaN,NaN,NaN,NaN,NaN,NaN,NaN,NaN
NaN,NaN,NaN,NaN,NaN,NaN,NaN,NaN,NaN,NaN,NaN,NaN,NaN,NaN,NaN,NaN,NaN,NaN
NaN,NaN,NaN,NaN,NaN,NaN,NaN,NaN,NaN,NaN,NaN,NaN,NaN,NaN,NaN,NaN,NaN,NaN
NaN,NaN,NaN,NaN,NaN,NaN,NaN,NaN,NaN,NaN,NaN,NaN,NaN,NaN,NaN,NaN,NaN,NaN
NaN,NaN,NaN,NaN,NaN,NaN,NaN,NaN,NaN,NaN,NaN,NaN,NaN,NaN,NaN,NaN,NaN,NaN
NaN,NaN,NaN,NaN,NaN,NaN,NaN,NaN,NaN,NaN,NaN,NaN,NaN,NaN,NaN,NaN,NaN,NaN
NaN,NaN,NaN,NaN,NaN,NaN,NaN,NaN,NaN,NaN,NaN,NaN,NaN,NaN,NaN,NaN,NaN,NaN
NaN,NaN,NaN,NaN,NaN,NaN,NaN,NaN,NaN,NaN,NaN,NaN,NaN,NaN,NaN,NaN,NaN,NaN
NaN,NaN,NaN,NaN,NaN,NaN,NaN,NaN,NaN,NaN,NaN,NaN,NaN,NaN,NaN,NaN,NaN,NaN
NaN,NaN,NaN,NaN,NaN,NaN,NaN,NaN,NaN,NaN,NaN,NaN,NaN,NaN,NaN,NaN,NaN,NaN
NaN,NaN,NaN,NaN,NaN,NaN,NaN,NaN,NaN,NaN,NaN,NaN,NaN,NaN,NaN,NaN,NaN,NaN
NaN,NaN,NaN,NaN,NaN,NaN,NaN,NaN,NaN,NaN,NaN,NaN,NaN,NaN,NaN,NaN,NaN,NaN
NaN,NaN,NaN,NaN,NaN,NaN,NaN,NaN,NaN,NaN,NaN,NaN,NaN,NaN,NaN,NaN,NaN,NaN
NaN,NaN,NaN,NaN,NaN,NaN,NaN,NaN,NaN,NaN,NaN,NaN,NaN,NaN,NaN,NaN,NaN,NaN
NaN,NaN,NaN,NaN,NaN,NaN,NaN,NaN,NaN,NaN,NaN,NaN,NaN,NaN,NaN,NaN,NaN,NaN
NaN,NaN,NaN,NaN,NaN,NaN,NaN,NaN,NaN,NaN,NaN,NaN,NaN,NaN,NaN,NaN,NaN,NaN
NaN,NaN,NaN,NaN,NaN,NaN,NaN,NaN,NaN,NaN,NaN,NaN,NaN,NaN,NaN,NaN,NaN,NaN
NaN,NaN,NaN,NaN,NaN,NaN,NaN,NaN,NaN,NaN,NaN,NaN,NaN,NaN,NaN,NaN,NaN,NaN
NaN,NaN,NaN,NaN,NaN,NaN,NaN,NaN,NaN,NaN,NaN,NaN,NaN,NaN,NaN,NaN,NaN,NaN
NaN,NaN,NaN,NaN,NaN,NaN,NaN,NaN,NaN,NaN,NaN,NaN,NaN,NaN,NaN,NaN,NaN,NaN
NaN,NaN,NaN,NaN,NaN,NaN,NaN,NaN,NaN,NaN,NaN,NaN,NaN,NaN,NaN,NaN,NaN,NaN
NaN,NaN,NaN,NaN,NaN,NaN,NaN,NaN,NaN,NaN,NaN,NaN,NaN,NaN,NaN,NaN,NaN,NaN
NaN,NaN,NaN,NaN,NaN,NaN,NaN,NaN,NaN,NaN,NaN,NaN,NaN,NaN,NaN,NaN,NaN,NaN
NaN,NaN,NaN,NaN,NaN,NaN,NaN,NaN,NaN,NaN,NaN,NaN,NaN,NaN,NaN,NaN,NaN,NaN
NaN,NaN,NaN,NaN,NaN,NaN,NaN,NaN,NaN,NaN,NaN,NaN,NaN,NaN,NaN,NaN,NaN,NaN
NaN,NaN,NaN,NaN,NaN,NaN,NaN,NaN,NaN,NaN,NaN,NaN,NaN,NaN,NaN,NaN,NaN,NaN
NaN,NaN,NaN,NaN,NaN,NaN,NaN,NaN,NaN,NaN,NaN,NaN,NaN,NaN,NaN,NaN,NaN,NaN
NaN,NaN,NaN,NaN,NaN,NaN,NaN,NaN,NaN,NaN,NaN,NaN,NaN,NaN,NaN,NaN,NaN,NaN
NaN,NaN,NaN,NaN,NaN,NaN,NaN,NaN,NaN,NaN,NaN,NaN,NaN,NaN,NaN,NaN,NaN,NaN
NaN,NaN,NaN,NaN,NaN,NaN,NaN,NaN,NaN,NaN,NaN,NaN,NaN,NaN,NaN,NaN,NaN,NaN
NaN,NaN,NaN,NaN,NaN,NaN,NaN,NaN,NaN,NaN,NaN,NaN,NaN,NaN,NaN,NaN,NaN,NaN
NaN,NaN,NaN,NaN,NaN,NaN,NaN,NaN,NaN,NaN,NaN,NaN,NaN,NaN,NaN,NaN,NaN,NaN
NaN,NaN,NaN,NaN,NaN,NaN,NaN,NaN,NaN,NaN,NaN,NaN,NaN,NaN,NaN,NaN,NaN,NaN
NaN,NaN,NaN,NaN,NaN,NaN,NaN,NaN,NaN,NaN,NaN,NaN,NaN,NaN,NaN,NaN,NaN,NaN
NaN,NaN,NaN,NaN,NaN,NaN,NaN,NaN,NaN,NaN,NaN,NaN,NaN,NaN,NaN,NaN,NaN,NaN
NaN,NaN,NaN,NaN,NaN,NaN,NaN,NaN,NaN,NaN,NaN,NaN,NaN,NaN,NaN,NaN,NaN,NaN
NaN,NaN,NaN,NaN,NaN,NaN,NaN,NaN,NaN,NaN,NaN,NaN,NaN,NaN,NaN,NaN,NaN,NaN
NaN,NaN,NaN,NaN,NaN,NaN,NaN,NaN,NaN,NaN,NaN,NaN,NaN,NaN,NaN,NaN,NaN,NaN
NaN,NaN,NaN,NaN,NaN,NaN,NaN,NaN,NaN,NaN,NaN,NaN,NaN,NaN,NaN,NaN,NaN,NaN
NaN,NaN,NaN,NaN,NaN,NaN,NaN,NaN,NaN,NaN,NaN,NaN,NaN,NaN,NaN,NaN,NaN,NaN
NaN,NaN,NaN,NaN,NaN,NaN,NaN,NaN,NaN,NaN,NaN,NaN,NaN,NaN,NaN,NaN,NaN,NaN
NaN,NaN,NaN,NaN,NaN,NaN,NaN,NaN,NaN,NaN,NaN,NaN,NaN,NaN,NaN,NaN,NaN,NaN
NaN,NaN,NaN,NaN,NaN,NaN,NaN,NaN,NaN,NaN,NaN,NaN,NaN,NaN,NaN,NaN,NaN,NaN
NaN,NaN,NaN,NaN,NaN,NaN,NaN,NaN,NaN,NaN,NaN,NaN,NaN,NaN,NaN,NaN,NaN,NaN
NaN,NaN,NaN,NaN,NaN,NaN,NaN,NaN,NaN,NaN,NaN,NaN,NaN,NaN,NaN,NaN,NaN,NaN
NaN,NaN,NaN,NaN,NaN,NaN,NaN,NaN,NaN,NaN,NaN,NaN,NaN,NaN,NaN,NaN,NaN,NaN
NaN,NaN,NaN,NaN,NaN,NaN,NaN,NaN,NaN,NaN,NaN,NaN,NaN,NaN,NaN,NaN,NaN,NaN
NaN,NaN,NaN,NaN,NaN,NaN,NaN,NaN,NaN,NaN,NaN,NaN,NaN,NaN,NaN,NaN,NaN,NaN
NaN,NaN,NaN,NaN,NaN,NaN,NaN,NaN,NaN,NaN,NaN,NaN,NaN,NaN,NaN,NaN,NaN,NaN
NaN,NaN,NaN,NaN,NaN,NaN,NaN,NaN,NaN,NaN,NaN,NaN,NaN,NaN,NaN,NaN,NaN,NaN
NaN,NaN,NaN,NaN,NaN,NaN,NaN,NaN,NaN,NaN,NaN,NaN,NaN,NaN,NaN,NaN,NaN,NaN
NaN,NaN,NaN,NaN,NaN,NaN,NaN,NaN,NaN,NaN,NaN,NaN,NaN,NaN,NaN,NaN,NaN,NaN
NaN,NaN,NaN,NaN,NaN,NaN,NaN,NaN,NaN,NaN,NaN,NaN,NaN,NaN,NaN,NaN,NaN,NaN
NaN,NaN,NaN,NaN,NaN,NaN,NaN,NaN,NaN,NaN,NaN,NaN,NaN,NaN,NaN,NaN,NaN,NaN
NaN,NaN,NaN,NaN,NaN,NaN,NaN,NaN,NaN,NaN,NaN,NaN,NaN,NaN,NaN,NaN,NaN,NaN
NaN,NaN,NaN,NaN,NaN,NaN,NaN,NaN,NaN,NaN,NaN,NaN,NaN,NaN,NaN,NaN,NaN,NaN
NaN,NaN,NaN,NaN,NaN,NaN,NaN,NaN,NaN,NaN,NaN,NaN,NaN,NaN,NaN,NaN,NaN,NaN
NaN,NaN,NaN,NaN,NaN,NaN,NaN,NaN,NaN,NaN,NaN,NaN,NaN,NaN,NaN,NaN,NaN,NaN
NaN,NaN,NaN,NaN,NaN,NaN,NaN,NaN,NaN,NaN,NaN,NaN,NaN,NaN,NaN,NaN,NaN,NaN
NaN,NaN,NaN,NaN,NaN,NaN,NaN,NaN,NaN,NaN,NaN,NaN,NaN,NaN,NaN,NaN,NaN,NaN
NaN,NaN,NaN,NaN,NaN,NaN,NaN,NaN,NaN,NaN,NaN,NaN,NaN,NaN,NaN,NaN,NaN,NaN
NaN,NaN,NaN,NaN,NaN,NaN,NaN,NaN,NaN,NaN,NaN,NaN,NaN,NaN,NaN,NaN,NaN,NaN
NaN,NaN,NaN,NaN,NaN,NaN,NaN,NaN,NaN,NaN,NaN,NaN,NaN,NaN,NaN,NaN,NaN,NaN
NaN,NaN,NaN,NaN,NaN,NaN,NaN,NaN,NaN,NaN,NaN,NaN,NaN,NaN,NaN,NaN,NaN,NaN
NaN,NaN,NaN,NaN,NaN,NaN,NaN,NaN,NaN,NaN,NaN,NaN,NaN,NaN,NaN,NaN,NaN,NaN
NaN,NaN,NaN,NaN,NaN,NaN,NaN,NaN,NaN,NaN,NaN,NaN,NaN,NaN,NaN,NaN,NaN,NaN
NaN,NaN,NaN,NaN,NaN,NaN,NaN,NaN,NaN,NaN,NaN,NaN,NaN,NaN,NaN,NaN,NaN,NaN
NaN,NaN,NaN,NaN,NaN,NaN,NaN,NaN,NaN,NaN,NaN,NaN,NaN,NaN,NaN,NaN,NaN,NaN
NaN,NaN,NaN,NaN,NaN,NaN,NaN,NaN,NaN,NaN,NaN,NaN,NaN,NaN,NaN,NaN,NaN,NaN
NaN,NaN,NaN,NaN,NaN,NaN,NaN,NaN,NaN,NaN,NaN,NaN,NaN,NaN,NaN,NaN,NaN,NaN
NaN,NaN,NaN,NaN,NaN,NaN,NaN,NaN,NaN,NaN,NaN,NaN,NaN,NaN,NaN,NaN,NaN,NaN
NaN,NaN,NaN,NaN,NaN,NaN,NaN,NaN,NaN,NaN,NaN,NaN,NaN,NaN,NaN,NaN,NaN,NaN
NaN,NaN,NaN,NaN,NaN,NaN,NaN,NaN,NaN,NaN,NaN,NaN,NaN,NaN,NaN,NaN,NaN,NaN
NaN,NaN,NaN,NaN,NaN,NaN,NaN,NaN,NaN,NaN,NaN,NaN,NaN,NaN,NaN,NaN,NaN,NaN
NaN,NaN,NaN,NaN,NaN,NaN,NaN,NaN,NaN,NaN,NaN,NaN,NaN,NaN,NaN,NaN,NaN,NaN
NaN,NaN,NaN,NaN,NaN,NaN,NaN,NaN,NaN,NaN,NaN,NaN,NaN,NaN,NaN,NaN,NaN,NaN
NaN,NaN,NaN,NaN,NaN,NaN,NaN,NaN,NaN,NaN,NaN,NaN,NaN,NaN,NaN,NaN,NaN,NaN
NaN,NaN,NaN,NaN,NaN,NaN,NaN,NaN,NaN,NaN,NaN,NaN,NaN,NaN,NaN,NaN,NaN,NaN
NaN,NaN,NaN,NaN,NaN,NaN,NaN,NaN,NaN,NaN,NaN,NaN,NaN,NaN,NaN,NaN,NaN,NaN
NaN,NaN,NaN,NaN,NaN,NaN,NaN,NaN,NaN,NaN,NaN,NaN,NaN,NaN,NaN,NaN,NaN,NaN
NaN,NaN,NaN,NaN,NaN,NaN,NaN,NaN,NaN,NaN,NaN,NaN,NaN,NaN,NaN,NaN,NaN,NaN
NaN,NaN,NaN,NaN,NaN,NaN,NaN,NaN,NaN,NaN,NaN,NaN,NaN,NaN,NaN,NaN,NaN,NaN
NaN,NaN,NaN,NaN,NaN,NaN,NaN,NaN,NaN,NaN,NaN,NaN,NaN,NaN,NaN,NaN,NaN,NaN
NaN,NaN,NaN,NaN,NaN,NaN,NaN,NaN,NaN,NaN,NaN,NaN,NaN,NaN,NaN,NaN,NaN,NaN
NaN,NaN,NaN,NaN,NaN,NaN,NaN,NaN,NaN,NaN,NaN,NaN,NaN,NaN,NaN,NaN,NaN,NaN
NaN,NaN,NaN,NaN,NaN,NaN,NaN,NaN,NaN,NaN,NaN,NaN,NaN,NaN,NaN,NaN,NaN,NaN
NaN,NaN,NaN,NaN,NaN,NaN,NaN,NaN,NaN,NaN,NaN,NaN,NaN,NaN,NaN,NaN,NaN,NaN
NaN,NaN,NaN,NaN,NaN,NaN,NaN,NaN,NaN,NaN,NaN,NaN,NaN,NaN,NaN,NaN,NaN,NaN
NaN,NaN,NaN,NaN,NaN,NaN,NaN,NaN,NaN,NaN,NaN,NaN,NaN,NaN,NaN,NaN,NaN,NaN
NaN,NaN,NaN,NaN,NaN,NaN,NaN,NaN,NaN,NaN,NaN,NaN,NaN,NaN,NaN,NaN,NaN,NaN
NaN,NaN,NaN,NaN,NaN,NaN,NaN,NaN,NaN,NaN,NaN,NaN,NaN,NaN,NaN,NaN,NaN,NaN
NaN,NaN,NaN,NaN,NaN,NaN,NaN,NaN,NaN,NaN,NaN,NaN,NaN,NaN,NaN,NaN,NaN,NaN
NaN,NaN,NaN,NaN,NaN,NaN,NaN,NaN,NaN,NaN,NaN,NaN,NaN,NaN,NaN,NaN,NaN,NaN
NaN,NaN,NaN,NaN,NaN,NaN,NaN,NaN,NaN,NaN,NaN,NaN,NaN,NaN,NaN,NaN,NaN,NaN
NaN,NaN,NaN,NaN,NaN,NaN,NaN,NaN,NaN,NaN,NaN,NaN,NaN,NaN,NaN,NaN,NaN,NaN
NaN,NaN,NaN,NaN,NaN,NaN,NaN,NaN,NaN,NaN,NaN,NaN,NaN,NaN,NaN,NaN,NaN,NaN
NaN,NaN,NaN,NaN,NaN,NaN,NaN,NaN,NaN,NaN,NaN,NaN,NaN,NaN,NaN,NaN,NaN,NaN
NaN,NaN,NaN,NaN,NaN,NaN,NaN,NaN,NaN,NaN,NaN,NaN,NaN,NaN,NaN,NaN,NaN,NaN
NaN,NaN,NaN,NaN,NaN,NaN,NaN,NaN,NaN,NaN,NaN,NaN,NaN,NaN,NaN,NaN,NaN,NaN
NaN,NaN,NaN,NaN,NaN,NaN,NaN,NaN,NaN,NaN,NaN,NaN,NaN,NaN,NaN,NaN,NaN,NaN
NaN,NaN,NaN,NaN,NaN,NaN,NaN,NaN,NaN,NaN,NaN,NaN,NaN,NaN,NaN,NaN,NaN,NaN
NaN,NaN,NaN,NaN,NaN,NaN,NaN,NaN,NaN,NaN,NaN,NaN,NaN,NaN,NaN,NaN,NaN,NaN
NaN,NaN,NaN,NaN,NaN,NaN,NaN,NaN,NaN,NaN,NaN,NaN,NaN,NaN,NaN,NaN,NaN,NaN
NaN,NaN,NaN,NaN,NaN,NaN,NaN,NaN,NaN,NaN,NaN,NaN,NaN,NaN,NaN,NaN,NaN,NaN
NaN,NaN,NaN,NaN,NaN,NaN,NaN,NaN,NaN,NaN,NaN,NaN,NaN,NaN,NaN,NaN,NaN,NaN
NaN,NaN,NaN,NaN,NaN,NaN,NaN,NaN,NaN,NaN,NaN,NaN,NaN,NaN,NaN,NaN,NaN,NaN
NaN,NaN,NaN,NaN,NaN,NaN,NaN,NaN,NaN,NaN,NaN,NaN,NaN,NaN,NaN,NaN,NaN,NaN
NaN,NaN,NaN,NaN,NaN,NaN,NaN,NaN,NaN,NaN,NaN,NaN,NaN,NaN,NaN,NaN,NaN,NaN
NaN,NaN,NaN,NaN,NaN,NaN,NaN,NaN,NaN,NaN,NaN,NaN,NaN,NaN,NaN,NaN,NaN,NaN
NaN,NaN,NaN,NaN,NaN,NaN,NaN,NaN,NaN,NaN,NaN,NaN,NaN,NaN,NaN,NaN,NaN,NaN
NaN,NaN,NaN,NaN,NaN,NaN,NaN,NaN,NaN,NaN,NaN,NaN,NaN,NaN,NaN,NaN,NaN,NaN
NaN,NaN,NaN,NaN,NaN,NaN,NaN,NaN,NaN,NaN,NaN,NaN,NaN,NaN,NaN,NaN,NaN,NaN
NaN,NaN,NaN,NaN,NaN,NaN,NaN,NaN,NaN,NaN,NaN,NaN,NaN,NaN,NaN,NaN,NaN,NaN
NaN,NaN,NaN,NaN,NaN,NaN,NaN,NaN,NaN,NaN,NaN,NaN,NaN,NaN,NaN,NaN,NaN,NaN
NaN,NaN,NaN,NaN,NaN,NaN,NaN,NaN,NaN,NaN,NaN,NaN,NaN,NaN,NaN,NaN,NaN,NaN
NaN,NaN,NaN,NaN,NaN,NaN,NaN,NaN,NaN,NaN,NaN,NaN,NaN,NaN,NaN,NaN,NaN,NaN
NaN,NaN,NaN,NaN,NaN,NaN,NaN,NaN,NaN,NaN,NaN,NaN,NaN,NaN,NaN,NaN,NaN,NaN
NaN,NaN,NaN,NaN,NaN,NaN,NaN,NaN,NaN,NaN,NaN,NaN,NaN,NaN,NaN,NaN,NaN,NaN
NaN,NaN,NaN,NaN,NaN,NaN,NaN,NaN,NaN,NaN,NaN,NaN,NaN,NaN,NaN,NaN,NaN,NaN
NaN,NaN,NaN,NaN,NaN,NaN,NaN,NaN,NaN,NaN,NaN,NaN,NaN,NaN,NaN,NaN,NaN,NaN
NaN,NaN,NaN,NaN,NaN,NaN,NaN,NaN,NaN,NaN,NaN,NaN,NaN,NaN,NaN,NaN,NaN,NaN
NaN,NaN,NaN,NaN,NaN,NaN,NaN,NaN,NaN,NaN,NaN,NaN,NaN,NaN,NaN,NaN,NaN,NaN
NaN,NaN,NaN,NaN,NaN,NaN,NaN,NaN,NaN,NaN,NaN,NaN,NaN,NaN,NaN,NaN,NaN,NaN
NaN,NaN,NaN,NaN,NaN,NaN,NaN,NaN,NaN,NaN,NaN,NaN,NaN,NaN,NaN,NaN,NaN,NaN
NaN,NaN,NaN,NaN,NaN,NaN,NaN,NaN,NaN,NaN,NaN,NaN,NaN,NaN,NaN,NaN,NaN,NaN
NaN,NaN,NaN,NaN,NaN,NaN,NaN,NaN,NaN,NaN,NaN,NaN,NaN,NaN,NaN,NaN,NaN,NaN
NaN,NaN,NaN,NaN,NaN,NaN,NaN,NaN,NaN,NaN,NaN,NaN,NaN,NaN,NaN,NaN,NaN,NaN
NaN,NaN,NaN,NaN,NaN,NaN,NaN,NaN,NaN,NaN,NaN,NaN,NaN,NaN,NaN,NaN,NaN,NaN
NaN,NaN,NaN,NaN,NaN,NaN,NaN,NaN,NaN,NaN,NaN,NaN,NaN,NaN,NaN,NaN,NaN,NaN
NaN,NaN,NaN,NaN,NaN,NaN,NaN,NaN,NaN,NaN,NaN,NaN,NaN,NaN,NaN,NaN,NaN,NaN
NaN,NaN,NaN,NaN,NaN,NaN,NaN,NaN,NaN,NaN,NaN,NaN,NaN,NaN,NaN,NaN,NaN,NaN
NaN,NaN,NaN,NaN,NaN,NaN,NaN,NaN,NaN,NaN,NaN,NaN,NaN,NaN,NaN,NaN,NaN,NaN
NaN,NaN,NaN,NaN,NaN,NaN,NaN,NaN,NaN,NaN,NaN,NaN,NaN,NaN,NaN,NaN,NaN,NaN
NaN,NaN,NaN,NaN,NaN,NaN,NaN,NaN,NaN,NaN,NaN,NaN,NaN,NaN,NaN,NaN,NaN,NaN
NaN,NaN,NaN,NaN,NaN,NaN,NaN,NaN,NaN,NaN,NaN,NaN,NaN,NaN,NaN,NaN,NaN,NaN
NaN,NaN,NaN,NaN,NaN,NaN,NaN,NaN,NaN,NaN,NaN,NaN,NaN,NaN,NaN,NaN,NaN,NaN
NaN,NaN,NaN,NaN,NaN,NaN,NaN,NaN,NaN,NaN,NaN,NaN,NaN,NaN,NaN,NaN,NaN,NaN
NaN,NaN,NaN,NaN,NaN,NaN,NaN,NaN,NaN,NaN,NaN,NaN,NaN,NaN,NaN,NaN,NaN,NaN
NaN,NaN,NaN,NaN,NaN,NaN,NaN,NaN,NaN,NaN,NaN,NaN,NaN,NaN,NaN,NaN,NaN,NaN
NaN,NaN,NaN,NaN,NaN,NaN,NaN,NaN,NaN,NaN,NaN,NaN,NaN,NaN,NaN,NaN,NaN,NaN
NaN,NaN,NaN,NaN,NaN,NaN,NaN,NaN,NaN,NaN,NaN,NaN,NaN,NaN,NaN,NaN,NaN,NaN
NaN,NaN,NaN,NaN,NaN,NaN,NaN,NaN,NaN,NaN,NaN,NaN,NaN,NaN,NaN,NaN,NaN,NaN
NaN,NaN,NaN,NaN,NaN,NaN,NaN,NaN,NaN,NaN,NaN,NaN,NaN,NaN,NaN,NaN,NaN,NaN
NaN,NaN,NaN,NaN,NaN,NaN,NaN,NaN,NaN,NaN,NaN,NaN,NaN,NaN,NaN,NaN,NaN,NaN
NaN,NaN,NaN,NaN,NaN,NaN,NaN,NaN,NaN,NaN,NaN,NaN,NaN,NaN,NaN,NaN,NaN,NaN
NaN,NaN,NaN,NaN,NaN,NaN,NaN,NaN,NaN,NaN,NaN,NaN,NaN,NaN,NaN,NaN,NaN,NaN
NaN,NaN,NaN,NaN,NaN,NaN,NaN,NaN,NaN,NaN,NaN,NaN,NaN,NaN,NaN,NaN,NaN,NaN
NaN,NaN,NaN,NaN,NaN,NaN,NaN,NaN,NaN,NaN,NaN,NaN,NaN,NaN,NaN,NaN,NaN,NaN
NaN,NaN,NaN,NaN,NaN,NaN,NaN,NaN,NaN,NaN,NaN,NaN,NaN,NaN,NaN,NaN,NaN,NaN
NaN,NaN,NaN,NaN,NaN,NaN,NaN,NaN,NaN,NaN,NaN,NaN,NaN,NaN,NaN,NaN,NaN,NaN
NaN,NaN,NaN,NaN,NaN,NaN,NaN,NaN,NaN,NaN,NaN,NaN,NaN,NaN,NaN,NaN,NaN,NaN
NaN,NaN,NaN,NaN,NaN,NaN,NaN,NaN,NaN,NaN,NaN,NaN,NaN,NaN,NaN,NaN,NaN,NaN
NaN,NaN,NaN,NaN,NaN,NaN,NaN,NaN,NaN,NaN,NaN,NaN,NaN,NaN,NaN,NaN,NaN,NaN
NaN,NaN,NaN,NaN,NaN,NaN,NaN,NaN,NaN,NaN,NaN,NaN,NaN,NaN,NaN,NaN,NaN,NaN
NaN,NaN,NaN,NaN,NaN,NaN,NaN,NaN,NaN,NaN,NaN,NaN,NaN,NaN,NaN,NaN,NaN,NaN
NaN,NaN,NaN,NaN,NaN,NaN,NaN,NaN,NaN,NaN,NaN,NaN,NaN,NaN,NaN,NaN,NaN,NaN
NaN,NaN,NaN,NaN,NaN,NaN,NaN,NaN,NaN,NaN,NaN,NaN,NaN,NaN,NaN,NaN,NaN,NaN
NaN,NaN,NaN,NaN,NaN,NaN,NaN,NaN,NaN,NaN,NaN,NaN,NaN,NaN,NaN,NaN,NaN,NaN
NaN,NaN,NaN,NaN,NaN,NaN,NaN,NaN,NaN,NaN,NaN,NaN,NaN,NaN,NaN,NaN,NaN,NaN
NaN,NaN,NaN,NaN,NaN,NaN,NaN,NaN,NaN,NaN,NaN,NaN,NaN,NaN,NaN,NaN,NaN,NaN
NaN,NaN,NaN,NaN,NaN,NaN,NaN,NaN,NaN,NaN,NaN,NaN,NaN,NaN,NaN,NaN,NaN,NaN
NaN,NaN,NaN,NaN,NaN,NaN,NaN,NaN,NaN,NaN,NaN,NaN,NaN,NaN,NaN,NaN,NaN,NaN
NaN,NaN,NaN,NaN,NaN,NaN,NaN,NaN,NaN,NaN,NaN,NaN,NaN,NaN,NaN,NaN,NaN,NaN
NaN,NaN,NaN,NaN,NaN,NaN,NaN,NaN,NaN,NaN,NaN,NaN,NaN,NaN,NaN,NaN,NaN,NaN
NaN,NaN,NaN,NaN,NaN,NaN,NaN,NaN,NaN,NaN,NaN,NaN,NaN,NaN,NaN,NaN,NaN,NaN
NaN,NaN,NaN,NaN,NaN,NaN,NaN,NaN,NaN,NaN,NaN,NaN,NaN,NaN,NaN,NaN,NaN,NaN
NaN,NaN,NaN,NaN,NaN,NaN,NaN,NaN,NaN,NaN,NaN,NaN,NaN,NaN,NaN,NaN,NaN,NaN
NaN,NaN,NaN,NaN,NaN,NaN,NaN,NaN,NaN,NaN,NaN,NaN,NaN,NaN,NaN,NaN,NaN,NaN
NaN,NaN,NaN,NaN,NaN,NaN,NaN,NaN,NaN,NaN,NaN,NaN,NaN,NaN,NaN,NaN,NaN,NaN
NaN,NaN,NaN,NaN,NaN,NaN,NaN,NaN,NaN,NaN,NaN,NaN,NaN,NaN,NaN,NaN,NaN,NaN
NaN,NaN,NaN,NaN,NaN,NaN,NaN,NaN,NaN,NaN,NaN,NaN,NaN,NaN,NaN,NaN,NaN,NaN
NaN,NaN,NaN,NaN,NaN,NaN,NaN,NaN,NaN,NaN,NaN,NaN,NaN,NaN,NaN,NaN,NaN,NaN
NaN,NaN,NaN,NaN,NaN,NaN,NaN,NaN,NaN,NaN,NaN,NaN,NaN,NaN,NaN,NaN,NaN,NaN
NaN,NaN,NaN,NaN,NaN,NaN,NaN,NaN,NaN,NaN,NaN,NaN,NaN,NaN,NaN,NaN,NaN,NaN
NaN,NaN,NaN,NaN,NaN,NaN,NaN,NaN,NaN,NaN,NaN,NaN,NaN,NaN,NaN,NaN,NaN,NaN
NaN,NaN,NaN,NaN,NaN,NaN,NaN,NaN,NaN,NaN,NaN,NaN,NaN,NaN,NaN,NaN,NaN,NaN
NaN,NaN,NaN,NaN,NaN,NaN,NaN,NaN,NaN,NaN,NaN,NaN,NaN,NaN,NaN,NaN,NaN,NaN
NaN,NaN,NaN,NaN,NaN,NaN,NaN,NaN,NaN,NaN,NaN,NaN,NaN,NaN,NaN,NaN,NaN,NaN
NaN,NaN,NaN,NaN,NaN,NaN,NaN,NaN,NaN,NaN,NaN,NaN,NaN,NaN,NaN,NaN,NaN,NaN
NaN,NaN,NaN,NaN,NaN,NaN,NaN,NaN,NaN,NaN,NaN,NaN,NaN,NaN,NaN,NaN,NaN,NaN
NaN,NaN,NaN,NaN,NaN,NaN,NaN,NaN,NaN,NaN,NaN,NaN,NaN,NaN,NaN,NaN,NaN,NaN
NaN,NaN,NaN,NaN,NaN,NaN,NaN,NaN,NaN,NaN,NaN,NaN,NaN,NaN,NaN,NaN,NaN,NaN
NaN,NaN,NaN,NaN,NaN,NaN,NaN,NaN,NaN,NaN,NaN,NaN,NaN,NaN,NaN,NaN,NaN,NaN
NaN,NaN,NaN,NaN,NaN,NaN,NaN,NaN,NaN,NaN,NaN,NaN,NaN,NaN,NaN,NaN,NaN,NaN
NaN,NaN,NaN,NaN,NaN,NaN,NaN,NaN,NaN,NaN,NaN,NaN,NaN,NaN,NaN,NaN,NaN,NaN
NaN,NaN,NaN,NaN,NaN,NaN,NaN,NaN,NaN,NaN,NaN,NaN,NaN,NaN,NaN,NaN,NaN,NaN
NaN,NaN,NaN,NaN,NaN,NaN,NaN,NaN,NaN,NaN,NaN,NaN,NaN,NaN,NaN,NaN,NaN,NaN
NaN,NaN,NaN,NaN,NaN,NaN,NaN,NaN,NaN,NaN,NaN,NaN,NaN,NaN,NaN,NaN,NaN,NaN
NaN,NaN,NaN,NaN,NaN,NaN,NaN,NaN,NaN,NaN,NaN,NaN,NaN,NaN,NaN,NaN,NaN,NaN
NaN,NaN,NaN,NaN,NaN,NaN,NaN,NaN,NaN,NaN,NaN,NaN,NaN,NaN,NaN,NaN,NaN,NaN
NaN,NaN,NaN,NaN,NaN,NaN,NaN,NaN,NaN,NaN,NaN,NaN,NaN,NaN,NaN,NaN,NaN,NaN
NaN,NaN,NaN,NaN,NaN,NaN,NaN,NaN,NaN,NaN,NaN,NaN,NaN,NaN,NaN,NaN,NaN,NaN
NaN,NaN,NaN,NaN,NaN,NaN,NaN,NaN,NaN,NaN,NaN,NaN,NaN,NaN,NaN,NaN,NaN,NaN
NaN,NaN,NaN,NaN,NaN,NaN,NaN,NaN,NaN,NaN,NaN,NaN,NaN,NaN,NaN,NaN,NaN,NaN
NaN,NaN,NaN,NaN,NaN,NaN,NaN,NaN,NaN,NaN,NaN,NaN,NaN,NaN,NaN,NaN,NaN,NaN
NaN,NaN,NaN,NaN,NaN,NaN,NaN,NaN,NaN,NaN,NaN,NaN,NaN,NaN,NaN,NaN,NaN,NaN
NaN,NaN,NaN,NaN,NaN,NaN,NaN,NaN,NaN,NaN,NaN,NaN,NaN,NaN,NaN,NaN,NaN,NaN
NaN,NaN,NaN,NaN,NaN,NaN,NaN,NaN,NaN,NaN,NaN,NaN,NaN,NaN,NaN,NaN,NaN,NaN
NaN,NaN,NaN,NaN,NaN,NaN,NaN,NaN,NaN,NaN,NaN,NaN,NaN,NaN,NaN,NaN,NaN,NaN
NaN,NaN,NaN,NaN,NaN,NaN,NaN,NaN,NaN,NaN,NaN,NaN,NaN,NaN,NaN,NaN,NaN,NaN
NaN,NaN,NaN,NaN,NaN,NaN,NaN,NaN,NaN,NaN,NaN,NaN,NaN,NaN,NaN,NaN,NaN,NaN
NaN,NaN,NaN,NaN,NaN,NaN,NaN,NaN,NaN,NaN,NaN,NaN,NaN,NaN,NaN,NaN,NaN,NaN
NaN,NaN,NaN,NaN,NaN,NaN,NaN,NaN,NaN,NaN,NaN,NaN,NaN,NaN,NaN,NaN,NaN,NaN
NaN,NaN,NaN,NaN,NaN,NaN,NaN,NaN,NaN,NaN,NaN,NaN,NaN,NaN,NaN,NaN,NaN,NaN
NaN,NaN,NaN,NaN,NaN,NaN,NaN,NaN,NaN,NaN,NaN,NaN,NaN,NaN,NaN,NaN,NaN,NaN
NaN,NaN,NaN,NaN,NaN,NaN,NaN,NaN,NaN,NaN,NaN,NaN,NaN,NaN,NaN,NaN,NaN,NaN
NaN,NaN,NaN,NaN,NaN,NaN,NaN,NaN,NaN,NaN,NaN,NaN,NaN,NaN,NaN,NaN,NaN,NaN
NaN,NaN,NaN,NaN,NaN,NaN,NaN,NaN,NaN,NaN,NaN,NaN,NaN,NaN,NaN,NaN,NaN,NaN
NaN,NaN,NaN,NaN,NaN,NaN,NaN,NaN,NaN,NaN,NaN,NaN,NaN,NaN,NaN,NaN,NaN,NaN
NaN,NaN,NaN,NaN,NaN,NaN,NaN,NaN,NaN,NaN,NaN,NaN,NaN,NaN,NaN,NaN,NaN,NaN
NaN,NaN,NaN,NaN,NaN,NaN,NaN,NaN,NaN,NaN,NaN,NaN,NaN,NaN,NaN,NaN,NaN,NaN
NaN,NaN,NaN,NaN,NaN,NaN,NaN,NaN,NaN,NaN,NaN,NaN,NaN,NaN,NaN,NaN,NaN,NaN
NaN,NaN,NaN,NaN,NaN,NaN,NaN,NaN,NaN,NaN,NaN,NaN,NaN,NaN,NaN,NaN,NaN,NaN
NaN,NaN,NaN,NaN,NaN,NaN,NaN,NaN,NaN,NaN,NaN,NaN,NaN,NaN,NaN,NaN,NaN,NaN
NaN,NaN,NaN,NaN,NaN,NaN,NaN,NaN,NaN,NaN,NaN,NaN,NaN,NaN,NaN,NaN,NaN,NaN
NaN,NaN,NaN,NaN,NaN,NaN,NaN,NaN,NaN,NaN,NaN,NaN,NaN,NaN,NaN,NaN,NaN,NaN
NaN,NaN,NaN,NaN,NaN,NaN,NaN,NaN,NaN,NaN,NaN,NaN,NaN,NaN,NaN,NaN,NaN,NaN
NaN,NaN,NaN,NaN,NaN,NaN,NaN,NaN,NaN,NaN,NaN,NaN,NaN,NaN,NaN,NaN,NaN,NaN
NaN,NaN,NaN,NaN,NaN,NaN,NaN,NaN,NaN,NaN,NaN,NaN,NaN,NaN,NaN,NaN,NaN,NaN
NaN,NaN,NaN,NaN,NaN,NaN,NaN,NaN,NaN,NaN,NaN,NaN,NaN,NaN,NaN,NaN,NaN,NaN
NaN,NaN,NaN,NaN,NaN,NaN,NaN,NaN,NaN,NaN,NaN,NaN,NaN,NaN,NaN,NaN,NaN,NaN
NaN,NaN,NaN,NaN,NaN,NaN,NaN,NaN,NaN,NaN,NaN,NaN,NaN,NaN,NaN,NaN,NaN,NaN
NaN,NaN,NaN,NaN,NaN,NaN,NaN,NaN,NaN,NaN,NaN,NaN,NaN,NaN,NaN,NaN,NaN,NaN
NaN,NaN,NaN,NaN,NaN,NaN,NaN,NaN,NaN,NaN,NaN,NaN,NaN,NaN,NaN,NaN,NaN,NaN
NaN,NaN,NaN,NaN,NaN,NaN,NaN,NaN,NaN,NaN,NaN,NaN,NaN,NaN,NaN,NaN,NaN,NaN
NaN,NaN,NaN,NaN,NaN,NaN,NaN,NaN,NaN,NaN,NaN,NaN,NaN,NaN,NaN,NaN,NaN,NaN
NaN,NaN,NaN,NaN,NaN,NaN,NaN,NaN,NaN,NaN,NaN,NaN,NaN,NaN,NaN,NaN,NaN,NaN
NaN,NaN,NaN,NaN,NaN,NaN,NaN,NaN,NaN,NaN,NaN,NaN,NaN,NaN,NaN,NaN,NaN,NaN
NaN,NaN,NaN,NaN,NaN,NaN,NaN,NaN,NaN,NaN,NaN,NaN,NaN,NaN,NaN,NaN,NaN,NaN
NaN,NaN,NaN,NaN,NaN,NaN,NaN,NaN,NaN,NaN,NaN,NaN,NaN,NaN,NaN,NaN,NaN,NaN
NaN,NaN,NaN,NaN,NaN,NaN,NaN,NaN,NaN,NaN,NaN,NaN,NaN,NaN,NaN,NaN,NaN,NaN
NaN,NaN,NaN,NaN,NaN,NaN,NaN,NaN,NaN,NaN,NaN,NaN,NaN,NaN,NaN,NaN,NaN,NaN
NaN,NaN,NaN,NaN,NaN,NaN,NaN,NaN,NaN,NaN,NaN,NaN,NaN,NaN,NaN,NaN,NaN,NaN
NaN,NaN,NaN,NaN,NaN,NaN,NaN,NaN,NaN,NaN,NaN,NaN,NaN,NaN,NaN,NaN,NaN,NaN
NaN,NaN,NaN,NaN,NaN,NaN,NaN,NaN,NaN,NaN,NaN,NaN,NaN,NaN,NaN,NaN,NaN,NaN
NaN,NaN,NaN,NaN,NaN,NaN,NaN,NaN,NaN,NaN,NaN,NaN,NaN,NaN,NaN,NaN,NaN,NaN
NaN,NaN,NaN,NaN,NaN,NaN,NaN,NaN,NaN,NaN,NaN,NaN,NaN,NaN,NaN,NaN,NaN,NaN
NaN,NaN,NaN,NaN,NaN,NaN,NaN,NaN,NaN,NaN,NaN,NaN,NaN,NaN,NaN,NaN,NaN,NaN
NaN,NaN,NaN,NaN,NaN,NaN,NaN,NaN,NaN,NaN,NaN,NaN,NaN,NaN,NaN,NaN,NaN,NaN
NaN,NaN,NaN,NaN,NaN,NaN,NaN,NaN,NaN,NaN,NaN,NaN,NaN,NaN,NaN,NaN,NaN,NaN
NaN,NaN,NaN,NaN,NaN,NaN,NaN,NaN,NaN,NaN,NaN,NaN,NaN,NaN,NaN,NaN,NaN,NaN
NaN,NaN,NaN,NaN,NaN,NaN,NaN,NaN,NaN,NaN,NaN,NaN,NaN,NaN,NaN,NaN,NaN,NaN
NaN,NaN,NaN,NaN,NaN,NaN,NaN,NaN,NaN,NaN,NaN,NaN,NaN,NaN,NaN,NaN,NaN,NaN
NaN,NaN,NaN,NaN,NaN,NaN,NaN,NaN,NaN,NaN,NaN,NaN,NaN,NaN,NaN,NaN,NaN,NaN
NaN,NaN,NaN,NaN,NaN,NaN,NaN,NaN,NaN,NaN,NaN,NaN,NaN,NaN,NaN,NaN,NaN,NaN
NaN,NaN,NaN,NaN,NaN,NaN,NaN,NaN,NaN,NaN,NaN,NaN,NaN,NaN,NaN,NaN,NaN,NaN
NaN,NaN,NaN,NaN,NaN,NaN,NaN,NaN,NaN,NaN,NaN,NaN,NaN,NaN,NaN,NaN,NaN,NaN
NaN,NaN,NaN,NaN,NaN,NaN,NaN,NaN,NaN,NaN,NaN,NaN,NaN,NaN,NaN,NaN,NaN,NaN
NaN,NaN,NaN,NaN,NaN,NaN,NaN,NaN,NaN,NaN,NaN,NaN,NaN,NaN,NaN,NaN,NaN,NaN
NaN,NaN,NaN,NaN,NaN,NaN,NaN,NaN,NaN,NaN,NaN,NaN,NaN,NaN,NaN,NaN,NaN,NaN
NaN,NaN,NaN,NaN,NaN,NaN,NaN,NaN,NaN,NaN,NaN,NaN,NaN,NaN,NaN,NaN,NaN,NaN
NaN,NaN,NaN,NaN,NaN,NaN,NaN,NaN,NaN,NaN,NaN,NaN,NaN,NaN,NaN,NaN,NaN,NaN
NaN,NaN,NaN,NaN,NaN,NaN,NaN,NaN,NaN,NaN,NaN,NaN,NaN,NaN,NaN,NaN,NaN,NaN
NaN,NaN,NaN,NaN,NaN,NaN,NaN,NaN,NaN,NaN,NaN,NaN,NaN,NaN,NaN,NaN,NaN,NaN
NaN,NaN,NaN,NaN,NaN,NaN,NaN,NaN,NaN,NaN,NaN,NaN,NaN,NaN,NaN,NaN,NaN,NaN
NaN,NaN,NaN,NaN,NaN,NaN,NaN,NaN,NaN,NaN,NaN,NaN,NaN,NaN,NaN,NaN,NaN,NaN
NaN,NaN,NaN,NaN,NaN,NaN,NaN,NaN,NaN,NaN,NaN,NaN,NaN,NaN,NaN,NaN,NaN,NaN
NaN,NaN,NaN,NaN,NaN,NaN,NaN,NaN,NaN,NaN,NaN,NaN,NaN,NaN,NaN,NaN,NaN,NaN
NaN,NaN,NaN,NaN,NaN,NaN,NaN,NaN,NaN,NaN,NaN,NaN,NaN,NaN,NaN,NaN,NaN,NaN
NaN,NaN,NaN,NaN,NaN,NaN,NaN,NaN,NaN,NaN,NaN,NaN,NaN,NaN,NaN,NaN,NaN,NaN
NaN,NaN,NaN,NaN,NaN,NaN,NaN,NaN,NaN,NaN,NaN,NaN,NaN,NaN,NaN,NaN,NaN,NaN
NaN,NaN,NaN,NaN,NaN,NaN,NaN,NaN,NaN,NaN,NaN,NaN,NaN,NaN,NaN,NaN,NaN,NaN
NaN,NaN,NaN,NaN,NaN,NaN,NaN,NaN,NaN,NaN,NaN,NaN,NaN,NaN,NaN,NaN,NaN,NaN
NaN,NaN,NaN,NaN,NaN,NaN,NaN,NaN,NaN,NaN,NaN,NaN,NaN,NaN,NaN,NaN,NaN,NaN
NaN,NaN,NaN,NaN,NaN,NaN,NaN,NaN,NaN,NaN,NaN,NaN,NaN,NaN,NaN,NaN,NaN,NaN
NaN,NaN,NaN,NaN,NaN,NaN,NaN,NaN,NaN,NaN,NaN,NaN,NaN,NaN,NaN,NaN,NaN,NaN
NaN,NaN,NaN,NaN,NaN,NaN,NaN,NaN,NaN,NaN,NaN,NaN,NaN,NaN,NaN,NaN,NaN,NaN
NaN,NaN,NaN,NaN,NaN,NaN,NaN,NaN,NaN,NaN,NaN,NaN,NaN,NaN,NaN,NaN,NaN,NaN
NaN,NaN,NaN,NaN,NaN,NaN,NaN,NaN,NaN,NaN,NaN,NaN,NaN,NaN,NaN,NaN,NaN,NaN
NaN,NaN,NaN,NaN,NaN,NaN,NaN,NaN,NaN,NaN,NaN,NaN,NaN,NaN,NaN,NaN,NaN,NaN
NaN,NaN,NaN,NaN,NaN,NaN,NaN,NaN,NaN,NaN,NaN,NaN,NaN,NaN,NaN,NaN,NaN,NaN
NaN,NaN,NaN,NaN,NaN,NaN,NaN,NaN,NaN,NaN,NaN,NaN,NaN,NaN,NaN,NaN,NaN,NaN
NaN,NaN,NaN,NaN,NaN,NaN,NaN,NaN,NaN,NaN,NaN,NaN,NaN,NaN,NaN,NaN,NaN,NaN
NaN,NaN,NaN,NaN,NaN,NaN,NaN,NaN,NaN,NaN,NaN,NaN,NaN,NaN,NaN,NaN,NaN,NaN
NaN,NaN,NaN,NaN,NaN,NaN,NaN,NaN,NaN,NaN,NaN,NaN,NaN,NaN,NaN,NaN,NaN,NaN
NaN,NaN,NaN,NaN,NaN,NaN,NaN,NaN,NaN,NaN,NaN,NaN,NaN,NaN,NaN,NaN,NaN,NaN
NaN,NaN,NaN,NaN,NaN,NaN,NaN,NaN,NaN,NaN,NaN,NaN,NaN,NaN,NaN,NaN,NaN,NaN
NaN,NaN,NaN,NaN,NaN,NaN,NaN,NaN,NaN,NaN,NaN,NaN,NaN,NaN,NaN,NaN,NaN,NaN
NaN,NaN,NaN,NaN,NaN,NaN,NaN,NaN,NaN,NaN,NaN,NaN,NaN,NaN,NaN,NaN,NaN,NaN
NaN,NaN,NaN,NaN,NaN,NaN,NaN,NaN,NaN,NaN,NaN,NaN,NaN,NaN,NaN,NaN,NaN,NaN
NaN,NaN,NaN,NaN,NaN,NaN,NaN,NaN,NaN,NaN,NaN,NaN,NaN,NaN,NaN,NaN,NaN,NaN
NaN,NaN,NaN,NaN,NaN,NaN,NaN,NaN,NaN,NaN,NaN,NaN,NaN,NaN,NaN,NaN,NaN,NaN
NaN,NaN,NaN,NaN,NaN,NaN,NaN,NaN,NaN,NaN,NaN,NaN,NaN,NaN,NaN,NaN,NaN,NaN
NaN,NaN,NaN,NaN,NaN,NaN,NaN,NaN,NaN,NaN,NaN,NaN,NaN,NaN,NaN,NaN,NaN,NaN
NaN,NaN,NaN,NaN,NaN,NaN,NaN,NaN,NaN,NaN,NaN,NaN,NaN,NaN,NaN,NaN,NaN,NaN
NaN,NaN,NaN,NaN,NaN,NaN,NaN,NaN,NaN,NaN,NaN,NaN,NaN,NaN,NaN,NaN,NaN,NaN
NaN,NaN,NaN,NaN,NaN,NaN,NaN,NaN,NaN,NaN,NaN,NaN,NaN,NaN,NaN,NaN,NaN,NaN
NaN,NaN,NaN,NaN,NaN,NaN,NaN,NaN,NaN,NaN,NaN,NaN,NaN,NaN,NaN,NaN,NaN,NaN
NaN,NaN,NaN,NaN,NaN,NaN,NaN,NaN,NaN,NaN,NaN,NaN,NaN,NaN,NaN,NaN,NaN,NaN
NaN,NaN,NaN,NaN,NaN,NaN,NaN,NaN,NaN,NaN,NaN,NaN,NaN,NaN,NaN,NaN,NaN,NaN
NaN,NaN,NaN,NaN,NaN,NaN,NaN,NaN,NaN,NaN,NaN,NaN,NaN,NaN,NaN,NaN,NaN,NaN
NaN,NaN,NaN,NaN,NaN,NaN,NaN,NaN,NaN,NaN,NaN,NaN,NaN,NaN,NaN,NaN,NaN,NaN
NaN,NaN,NaN,NaN,NaN,NaN,NaN,NaN,NaN,NaN,NaN,NaN,NaN,NaN,NaN,NaN,NaN,NaN
NaN,NaN,NaN,NaN,NaN,NaN,NaN,NaN,NaN,NaN,NaN,NaN,NaN,NaN,NaN,NaN,NaN,NaN
NaN,NaN,NaN,NaN,NaN,NaN,NaN,NaN,NaN,NaN,NaN,NaN,NaN,NaN,NaN,NaN,NaN,NaN
NaN,NaN,NaN,NaN,NaN,NaN,NaN,NaN,NaN,NaN,NaN,NaN,NaN,NaN,NaN,NaN,NaN,NaN
NaN,NaN,NaN,NaN,NaN,NaN,NaN,NaN,NaN,NaN,NaN,NaN,NaN,NaN,NaN,NaN,NaN,NaN
NaN,NaN,NaN,NaN,NaN,NaN,NaN,NaN,NaN,NaN,NaN,NaN,NaN,NaN,NaN,NaN,NaN,NaN
NaN,NaN,NaN,NaN,NaN,NaN,NaN,NaN,NaN,NaN,NaN,NaN,NaN,NaN,NaN,NaN,NaN,NaN
NaN,NaN,NaN,NaN,NaN,NaN,NaN,NaN,NaN,NaN,NaN,NaN,NaN,NaN,NaN,NaN,NaN,NaN
NaN,NaN,NaN,NaN,NaN,NaN,NaN,NaN,NaN,NaN,NaN,NaN,NaN,NaN,NaN,NaN,NaN,NaN
NaN,NaN,NaN,NaN,NaN,NaN,NaN,NaN,NaN,NaN,NaN,NaN,NaN,NaN,NaN,NaN,NaN,NaN
NaN,NaN,NaN,NaN,NaN,NaN,NaN,NaN,NaN,NaN,NaN,NaN,NaN,NaN,NaN,NaN,NaN,NaN
NaN,NaN,NaN,NaN,NaN,NaN,NaN,NaN,NaN,NaN,NaN,NaN,NaN,NaN,NaN,NaN,NaN,NaN
NaN,NaN,NaN,NaN,NaN,NaN,NaN,NaN,NaN,NaN,NaN,NaN,NaN,NaN,NaN,NaN,NaN,NaN
NaN,NaN,NaN,NaN,NaN,NaN,NaN,NaN,NaN,NaN,NaN,NaN,NaN,NaN,NaN,NaN,NaN,NaN
NaN,NaN,NaN,NaN,NaN,NaN,NaN,NaN,NaN,NaN,NaN,NaN,NaN,NaN,NaN,NaN,NaN,NaN
NaN,NaN,NaN,NaN,NaN,NaN,NaN,NaN,NaN,NaN,NaN,NaN,NaN,NaN,NaN,NaN,NaN,NaN
NaN,NaN,NaN,NaN,NaN,NaN,NaN,NaN,NaN,NaN,NaN,NaN,NaN,NaN,NaN,NaN,NaN,NaN
NaN,NaN,NaN,NaN,NaN,NaN,NaN,NaN,NaN,NaN,NaN,NaN,NaN,NaN,NaN,NaN,NaN,NaN
NaN,NaN,NaN,NaN,NaN,NaN,NaN,NaN,NaN,NaN,NaN,NaN,NaN,NaN,NaN,NaN,NaN,NaN
NaN,NaN,NaN,NaN,NaN,NaN,NaN,NaN,NaN,NaN,NaN,NaN,NaN,NaN,NaN,NaN,NaN,NaN
NaN,NaN,NaN,NaN,NaN,NaN,NaN,NaN,NaN,NaN,NaN,NaN,NaN,NaN,NaN,NaN,NaN,NaN
NaN,NaN,NaN,NaN,NaN,NaN,NaN,NaN,NaN,NaN,NaN,NaN,NaN,NaN,NaN,NaN,NaN,NaN
NaN,NaN,NaN,NaN,NaN,NaN,NaN,NaN,NaN,NaN,NaN,NaN,NaN,NaN,NaN,NaN,NaN,NaN
NaN,NaN,NaN,NaN,NaN,NaN,NaN,NaN,NaN,NaN,NaN,NaN,NaN,NaN,NaN,NaN,NaN,NaN
NaN,NaN,NaN,NaN,NaN,NaN,NaN,NaN,NaN,NaN,NaN,NaN,NaN,NaN,NaN,NaN,NaN,NaN
NaN,NaN,NaN,NaN,NaN,NaN,NaN,NaN,NaN,NaN,NaN,NaN,NaN,NaN,NaN,NaN,NaN,NaN
NaN,NaN,NaN,NaN,NaN,NaN,NaN,NaN,NaN,NaN,NaN,NaN,NaN,NaN,NaN,NaN,NaN,NaN
NaN,NaN,NaN,NaN,NaN,NaN,NaN,NaN,NaN,NaN,NaN,NaN,NaN,NaN,NaN,NaN,NaN,NaN
NaN,NaN,NaN,NaN,NaN,NaN,NaN,NaN,NaN,NaN,NaN,NaN,NaN,NaN,NaN,NaN,NaN,NaN
NaN,NaN,NaN,NaN,NaN,NaN,NaN,NaN,NaN,NaN,NaN,NaN,NaN,NaN,NaN,NaN,NaN,NaN
NaN,NaN,NaN,NaN,NaN,NaN,NaN,NaN,NaN,NaN,NaN,NaN,NaN,NaN,NaN,NaN,NaN,NaN
NaN,NaN,NaN,NaN,NaN,NaN,NaN,NaN,NaN,NaN,NaN,NaN,NaN,NaN,NaN,NaN,NaN,NaN
NaN,NaN,NaN,NaN,NaN,NaN,NaN,NaN,NaN,NaN,NaN,NaN,NaN,NaN,NaN,NaN,NaN,NaN
NaN,NaN,NaN,NaN,NaN,NaN,NaN,NaN,NaN,NaN,NaN,NaN,NaN,NaN,NaN,NaN,NaN,NaN
NaN,NaN,NaN,NaN,NaN,NaN,NaN,NaN,NaN,NaN,NaN,NaN,NaN,NaN,NaN,NaN,NaN,NaN
NaN,NaN,NaN,NaN,NaN,NaN,NaN,NaN,NaN,NaN,NaN,NaN,NaN,NaN,NaN,NaN,NaN,NaN
NaN,NaN,NaN,NaN,NaN,NaN,NaN,NaN,NaN,NaN,NaN,NaN,NaN,NaN,NaN,NaN,NaN,NaN
NaN,NaN,NaN,NaN,NaN,NaN,NaN,NaN,NaN,NaN,NaN,NaN,NaN,NaN,NaN,NaN,NaN,NaN
NaN,NaN,NaN,NaN,NaN,NaN,NaN,NaN,NaN,NaN,NaN,NaN,NaN,NaN,NaN,NaN,NaN,NaN
NaN,NaN,NaN,NaN,NaN,NaN,NaN,NaN,NaN,NaN,NaN,NaN,NaN,NaN,NaN,NaN,NaN,NaN
NaN,NaN,NaN,NaN,NaN,NaN,NaN,NaN,NaN,NaN,NaN,NaN,NaN,NaN,NaN,NaN,NaN,NaN
NaN,NaN,NaN,NaN,NaN,NaN,NaN,NaN,NaN,NaN,NaN,NaN,NaN,NaN,NaN,NaN,NaN,NaN
NaN,NaN,NaN,NaN,NaN,NaN,NaN,NaN,NaN,NaN,NaN,NaN,NaN,NaN,NaN,NaN,NaN,NaN
NaN,NaN,NaN,NaN,NaN,NaN,NaN,NaN,NaN,NaN,NaN,NaN,NaN,NaN,NaN,NaN,NaN,NaN
NaN,NaN,NaN,NaN,NaN,NaN,NaN,NaN,NaN,NaN,NaN,NaN,NaN,NaN,NaN,NaN,NaN,NaN
NaN,NaN,NaN,NaN,NaN,NaN,NaN,NaN,NaN,NaN,NaN,NaN,NaN,NaN,NaN,NaN,NaN,NaN
NaN,NaN,NaN,NaN,NaN,NaN,NaN,NaN,NaN,NaN,NaN,NaN,NaN,NaN,NaN,NaN,NaN,NaN
NaN,NaN,NaN,NaN,NaN,NaN,NaN,NaN,NaN,NaN,NaN,NaN,NaN,NaN,NaN,NaN,NaN,NaN
NaN,NaN,NaN,NaN,NaN,NaN,NaN,NaN,NaN,NaN,NaN,NaN,NaN,NaN,NaN,NaN,NaN,NaN
14.018679,3.850649,17.118589,14.570526,3.903963,17.317996,14.816504,3.951559,16.510595,15.615969,1.843982,14.871952,16.448773,1.73322,14.354586,15.690663,0.797106,13.241039
13.986201,3.855566,17.056053,14.578369,3.879494,17.309579,14.848666,3.909101,16.468419,15.642774,1.905781,14.815509,16.397171,1.695685,14.406381,15.637422,0.790886,13.301506
13.986339,3.856917,17.056454,14.577614,3.878997,17.311722,14.847914,3.908602,16.47055,15.642774,1.905781,14.815509,16.397171,1.695685,14.406381,15.637422,0.790886,13.301506
13.984919,3.85691,17.056679,14.576948,3.879483,17.309811,14.847249,3.909088,16.468652,15.643474,1.907294,14.814335,16.397147,1.696179,14.406853,15.638112,0.789875,13.302908
13.984919,3.85691,17.056679,14.577085,3.880837,17.31021,14.847249,3.909088,16.468652,15.643442,1.905272,14.817401,16.398,1.69604,14.40819,15.638967,0.792253,13.301685
13.984218,3.858409,17.055703,14.576399,3.881829,17.308766,14.846544,3.910578,16.467687,15.6436,1.906133,14.817327,16.397976,1.696534,14.408661,15.639631,0.791732,13.303564
13.983478,3.85741,17.057371,14.576399,3.881829,17.308766,14.8467,3.911426,16.467619,15.643576,1.906628,14.817801,16.397952,1.697028,14.409133,15.639631,0.791732,13.303564
13.983616,3.85876,17.057772,14.575644,3.881332,17.310909,14.8467,3.911426,16.467619,15.642861,1.908126,14.816858,16.398085,1.698386,14.409531,15.641176,0.7931,13.303743
13.982175,3.85926,17.058464,14.575115,3.883172,17.309397,14.845263,3.911916,16.468319,15.642272,1.908464,14.818907,16.398041,1.696854,14.413062,15.642587,0.793112,13.303519
13.980755,3.859253,17.058689,14.574359,3.882674,17.311539,14.844511,3.911417,16.47045,15.642248,1.908958,14.819381,16.397477,1.699214,14.412049,15.642561,0.793602,13.303995
13.98035,3.862947,17.05805,14.57381,3.88502,17.310494,14.843277,3.914743,16.467986,15.640968,1.910299,14.820012,16.396041,1.699689,14.412758,15.644132,0.79448,13.303698
13.979067,3.864292,17.058677,14.57184,3.887355,17.309681,14.841996,3.91608,16.468617,15.639553,1.910285,14.820243,16.395477,1.70205,14.411745,15.644106,0.79497,13.304174
14.002764,3.958238,17.026264,14.632048,4.042298,17.205748,14.803788,4.015522,16.577055,15.641735,1.946079,14.87257,16.461983,1.819516,14.444236,15.644931,0.795314,13.305981
13.982814,3.956396,17.075262,14.609842,4.016436,17.250729,14.803788,4.015522,16.577055,15.626015,1.957434,14.83128,16.489362,1.878768,14.390079,15.645625,0.796828,13.304829
14.023478,3.997008,16.970237,14.608412,4.019927,17.249252,14.820657,4.048827,16.546855,15.625449,1.957277,14.832856,16.439487,1.787379,14.496085,15.64645,0.797172,13.306636
14.021377,4.001493,16.967319,14.606298,4.024408,17.246332,14.820657,4.048827,16.546855,15.639472,1.945445,14.878881,16.504865,1.809298,14.418981,15.647304,0.799551,13.305412
14.018576,4.007472,16.963429,14.604164,4.029392,17.243881,14.807378,4.067967,16.51908,15.686524,1.865704,14.966287,16.526009,1.869412,14.393819,15.648102,0.800385,13.307694
14.015056,4.015451,16.959032,14.601345,4.035367,17.239988,14.780444,4.115978,16.472589,15.622814,1.96875,14.849804,16.486566,1.926078,14.314023,15.64909,0.804119,13.306874
14.022259,4.07578,16.951373,14.618659,4.070666,17.187263,14.815522,4.035398,16.641014,15.622563,1.970312,14.851237,16.486566,1.926078,14.314023,15.650609,0.805977,13.307529
14.017999,4.086248,16.946953,14.613728,4.081117,17.180452,14.789731,4.054168,16.567363,15.622312,1.971874,14.85267,16.446491,1.888985,14.415326,15.651728,0.808542,13.309667
14.014761,4.103304,16.953364,14.608758,4.092577,17.174576,14.793402,4.074126,16.56577,15.621495,1.973278,14.85568,16.464222,1.902664,14.495222,15.65269,0.812766,13.309323
14.007123,4.118218,16.941271,14.614814,4.161683,17.18318,14.793014,4.083876,16.574813,15.618897,1.99617,14.881746,16.485939,1.83227,14.495214,15.653092,0.816832,13.310533
13.969429,4.144121,16.954685,14.603745,4.180514,17.162942,14.765696,4.141657,16.537312,15.616949,1.997255,14.887917,16.426781,1.917324,14.375409,15.653653,0.821762,13.311672
13.962475,4.158038,16.944037,14.581754,4.214637,17.119205,14.725908,4.199002,16.454038,15.616037,2.001077,14.892294,16.44647,1.975996,14.292665,15.654003,0.826808,13.313834
13.955543,4.171449,16.932922,14.576849,4.224571,17.111933,14.685106,4.188283,16.566917,15.611849,2.038226,14.933466,16.395707,1.924304,14.389159,15.654539,0.832229,13.315448
13.94999,4.18238,16.924217,14.576353,4.258479,17.102715,14.685106,4.188283,16.566917,15.581602,2.104366,14.875275,16.390627,1.93574,14.383548,15.652922,0.839628,13.316835
13.941682,4.19827,16.910692,14.548559,4.243612,17.13892,14.671497,4.184739,16.604516,15.579769,2.094896,14.872261,16.342191,1.910016,14.398679,15.651945,0.846997,13.320576
13.934035,4.213674,16.899074,14.541565,4.25751,17.128267,14.67111,4.194468,16.613589,15.576372,2.093952,14.881724,16.390484,2.042743,14.283042,15.648828,0.876205,13.343867
13.899386,4.203351,16.934183,14.530472,4.277329,17.108978,14.630971,4.261532,16.539322,15.555136,2.066029,14.930978,16.389514,2.084234,14.275579,15.64734,0.885919,13.345575
13.876056,4.243497,16.891338,14.457238,4.269761,17.140656,14.62982,4.290776,16.566436,15.581837,2.029821,15.017185,16.355467,2.042481,14.32499,15.651434,0.92588,13.344776
13.852395,4.295016,16.934479,14.450076,4.288194,17.134206,14.633493,4.310685,16.564866,15.499779,2.166089,14.885515,16.349995,2.062294,14.327387,15.648269,0.929387,13.348538
13.842664,4.314881,16.91995,14.444536,4.314767,17.142331,14.633493,4.310685,16.564866,15.497218,2.155601,14.884151,16.324433,2.074758,14.367447,15.644522,0.935748,13.351777
13.842324,4.388436,16.898841,14.460058,4.385256,17.077177,14.619869,4.339525,16.546131,15.492884,2.166615,14.905814,16.298841,2.087729,14.407967,15.640059,0.943609,13.354088
13.818584,4.358486,16.878026,14.405243,4.351601,17.148153,14.541501,4.307321,16.608191,15.488298,2.179192,14.928912,16.289462,2.108101,14.396736,15.634984,0.952293,13.358906
13.79499,4.430747,16.819331,14.336779,4.396876,17.166339,14.48704,4.390307,16.589576,15.450307,2.262684,14.91348,16.26204,2.154421,14.348888,15.628629,0.959798,13.366906
13.782586,4.454019,16.798612,14.327038,4.415708,17.150867,14.521659,4.437168,16.511224,15.401047,2.347129,14.831393,16.243277,2.229497,14.382834,15.616457,0.996089,13.394258
13.77005,4.480814,16.781159,14.316541,4.437537,17.135826,14.508062,4.465993,16.492482,15.393201,2.342525,14.852097,16.234255,2.256213,14.38013,15.606157,1.006731,13.403187
13.712967,4.482835,16.871023,14.280244,4.442127,17.161707,14.365787,4.555693,16.506563,15.351231,2.355544,14.900234,16.218538,2.252971,14.369838,15.592997,1.021046,13.418212
13.68162,4.534177,16.810533,14.253689,4.55729,17.100366,14.34921,4.5128,16.52766,15.345555,2.353975,14.91601,16.183764,2.247353,14.406561,15.582761,1.065475,13.431171
13.642236,4.530844,16.835479,14.241925,4.579046,17.080592,14.339701,4.551709,16.49836,15.338482,2.387109,14.963685,16.198637,2.362888,14.251168,15.549231,1.155569,13.401593
13.625128,4.560998,16.804695,14.210275,4.602011,17.099383,14.325757,4.59024,16.488676,15.267431,2.485956,14.867924,16.166203,2.330732,14.624419,15.537292,1.169327,13.409673
13.542533,4.554225,16.840329,14.1673,4.667455,17.012099,14.311721,4.596478,16.535269,15.256731,2.480567,14.896534,16.052335,2.433798,14.563629,15.523196,1.209903,13.433311
13.530277,4.616166,16.812179,14.108508,4.61368,17.090409,14.268014,4.611194,16.518889,15.249549,2.505426,14.9327,16.042532,2.379808,14.568193,15.505037,1.257204,13.458264
13.52068,4.716825,16.786099,14.068726,4.625758,17.11136,14.178976,4.647366,16.578483,15.223902,2.488699,15.003533,16.052335,2.433798,14.563629,15.485327,1.273153,13.459211
13.430993,4.687832,16.820787,14.015943,4.72053,17.085772,14.165061,4.685924,16.568744,15.153968,2.590194,14.905965,16.04911,2.503878,14.630123,15.443432,1.31369,13.427867
13.387499,4.691974,16.83844,14.000767,4.748684,17.060212,14.086066,4.631457,16.695924,15.110014,2.663761,14.903771,16.04911,2.503878,14.630123,15.413822,1.312755,13.453115
13.324515,4.723625,16.813488,13.986949,4.731834,17.145319,14.062895,4.666856,16.704148,15.09155,2.645746,14.949031,15.948146,2.584714,14.522173,15.392521,1.32852,13.462074
13.31259,4.820548,16.77472,13.819214,4.722191,17.178991,13.965503,4.786958,16.603685,15.055328,2.661902,14.97374,15.83931,2.844298,14.434105,15.373892,1.390597,13.465737
13.21644,4.782469,16.900351,13.765774,4.763556,17.180717,13.952,4.815723,16.584943,14.997841,2.765865,14.937225,15.879648,2.760052,14.487377,15.328654,1.475192,13.432768
13.177167,4.846992,16.824014,13.774655,4.811118,17.177081,13.881128,4.855753,16.587281,14.937185,2.816733,14.869765,15.861921,2.755187,14.536845,15.296458,1.52694,13.463434
13.111561,4.882569,16.79327,13.720002,4.837135,17.268563,13.854903,4.893734,16.531784,14.877068,2.863982,14.902479,15.731585,2.698463,14.677058,15.220056,1.608851,13.474442
13.065555,4.92926,16.797716,13.623815,4.920307,17.224902,13.822887,4.928562,16.579064,14.85466,2.842569,14.957324,15.651617,2.853039,14.557109,15.163441,1.703004,13.439739
12.976232,4.949733,16.836869,13.596774,4.989809,17.155954,13.718178,4.934843,16.585122,14.779289,3.009714,14.922574,15.655271,2.907964,14.5814,15.124601,1.733494,13.443522
12.926986,4.998807,16.831778,13.563559,5.08248,17.132369,13.648395,4.987558,16.513123,14.727818,2.993509,14.976352,15.596195,3.006187,14.474949,15.066565,1.74179,13.487365
12.831524,5.014519,16.842977,13.458193,5.129798,17.103247,13.554451,5.104754,16.476447,14.664075,3.063836,14.935048,15.553615,3.151654,14.451573,15.003317,1.857849,13.440596
12.795375,5.085124,16.784095,13.442494,5.152606,17.069748,13.492299,5.083754,16.573086,14.573608,3.168248,14.90349,15.499985,3.27161,14.458859,14.915335,1.961724,13.447741
12.71059,5.130237,16.816924,13.373939,5.204949,17.027097,13.358927,5.112641,16.680915,14.512525,3.213532,14.934095,15.335069,3.312204,14.529911,14.829039,2.068454,13.425359
12.636066,5.25234,16.822546,13.266323,5.210222,17.16615,13.332126,5.170098,16.643382,14.451142,3.265339,14.972544,15.289539,3.249236,14.632962,14.721782,2.140195,13.434094
12.673951,5.230785,16.940403,13.15044,5.342697,17.033743,13.280041,5.245852,16.532369,14.356415,3.349842,14.940341,15.226725,3.301779,14.631185,14.660627,2.188498,13.423945
12.570165,5.250727,16.924858,13.091711,5.333572,17.115711,13.243285,5.361352,16.483681,14.211278,3.476177,14.808588,15.105864,3.43817,14.509731,14.554153,2.249347,13.404154
12.470079,5.371506,16.855659,13.03381,5.300876,17.176087,13.150033,5.304304,16.647544,14.145151,3.544706,14.876411,14.943861,3.5524,14.502285,14.450279,2.322445,13.372702
12.379394,5.351804,16.895128,12.974536,5.450932,17.072714,13.008212,5.394292,16.660642,14.039206,3.623077,14.877913,14.911598,3.60212,14.509787,14.332384,2.429153,13.386078
12.24463,5.489927,16.791405,12.905074,5.476431,17.108609,12.929533,5.485432,16.559279,13.989638,3.637606,14.943615,14.814625,3.755357,14.324032,14.199715,2.53568,13.408988
12.173163,5.613372,16.732965,12.787741,5.543352,17.122616,12.846131,5.586125,16.486472,13.886821,3.720817,14.938422,14.676519,3.882187,14.367412,14.061674,2.624342,13.408748
12.074963,5.686096,16.74427,12.698655,5.556307,17.115778,12.691756,5.563143,16.624823,13.745395,3.823392,14.880305,14.524849,4.04915,14.355842,13.92873,2.687706,13.391188
11.974789,5.716451,16.751949,12.648356,5.606278,17.204999,12.665199,5.62044,16.587319,13.62739,3.925662,14.841667,14.501914,4.018061,14.407032,13.791613,2.796344,13.305737
11.874862,5.728412,16.78959,12.468491,5.679473,17.234392,12.584347,5.728311,16.587065,13.498472,4.015709,14.832457,14.356931,4.017489,14.503664,13.640561,2.867368,13.319121
11.729268,5.767741,16.88882,12.430439,5.647866,17.326399,12.482143,5.793773,16.62688,13.401979,4.080067,14.890532,14.238754,4.106878,14.458013,13.478149,2.958343,13.323495
11.623335,5.849276,16.879839,12.250552,5.721307,17.355508,12.33188,5.912347,16.601491,13.250314,4.184143,14.866811,14.092651,4.138817,14.465426,13.303552,3.067326,13.308888
11.497477,5.918759,16.909518,12.149666,5.804271,17.334743,12.202136,5.998505,16.504045,13.163057,4.234416,14.884296,13.996699,4.29134,14.279857,13.154335,3.145009,13.325209
11.373947,5.933976,16.910286,12.006885,5.916648,17.257789,12.099955,6.012591,16.581781,13.032802,4.361321,14.904268,13.817141,4.419034,14.218929,13.062431,3.189721,13.521323
11.276105,6.080061,16.901678,11.963881,6.043381,17.188051,11.967799,6.115923,16.585049,12.894894,4.429792,14.906574,13.773265,4.457999,14.269575,12.887288,3.372064,13.399361
11.135898,6.109523,16.932096,11.862804,6.13795,17.178102,11.844111,6.177285,16.596947,12.739355,4.521474,14.884425,13.621467,4.656697,14.16893,12.600501,3.623474,13.161414
11.029724,6.235682,16.919348,11.703603,6.200537,17.227796,11.818218,6.224603,16.550465,12.650401,4.553214,14.990436,13.435752,4.607609,14.351177,12.414528,3.709661,13.148064
10.935586,6.327132,16.836879,11.570792,6.302023,17.218356,11.699868,6.378673,16.457931,12.455838,4.665734,14.918008,13.193106,4.641684,14.413703,12.249474,3.784784,13.19276
10.77896,6.398178,16.926652,11.502549,6.366119,17.185977,11.601363,6.473444,16.504908,12.307473,4.744372,14.962075,13.116479,4.779971,14.281274,12.092377,3.812731,13.303257
10.63796,6.468311,16.947134,11.295911,6.470135,17.21323,11.367336,6.530099,16.614265,12.128551,4.890357,14.858707,12.968996,4.854523,14.327351,11.823385,4.037045,13.253667
10.543678,6.604126,16.861128,11.141778,6.544501,17.250009,11.266821,6.617737,16.588449,11.989997,4.931479,14.941806,12.738032,4.927137,14.280117,11.600038,4.118594,13.340664
10.363969,6.70456,16.893757,11.045827,6.53186,17.343987,11.078432,6.652294,16.622532,11.774952,5.057658,14.849761,12.49183,4.904133,14.339273,11.377786,4.178651,13.40837
10.211703,6.752863,16.896109,10.854445,6.613669,17.404243,10.849733,6.81634,16.489535,11.619756,5.077392,14.86892,12.310001,4.963901,14.239491,11.147917,4.329436,13.316374
10.049892,6.834033,16.975566,10.781828,6.784889,17.267373,10.68879,6.886811,16.475753,11.434432,5.196091,14.870582,12.160187,4.924875,14.322366,10.890446,4.563319,13.247292
9.884367,6.916031,17.041623,10.579548,6.794126,17.408811,10.605965,6.940955,16.595707,11.269997,5.262615,14.857818,11.948915,4.924852,14.389096,10.720671,4.603574,13.276719
9.707772,7.00073,16.988454,10.375158,6.924952,17.356552,10.508017,7.026155,16.633176,11.108434,5.299741,14.913889,11.67234,5.147336,14.23066,10.444552,4.672992,13.261302
9.540836,7.090389,17.056408,10.277653,7.004755,17.411906,10.388372,7.192031,16.485479,10.908262,5.369662,14.924893,11.536566,5.310246,14.068821,10.208998,4.88308,13.226057
9.361149,7.125668,17.115553,10.162196,7.12186,17.3676,10.207977,7.335981,16.496302,10.716067,5.488923,14.937824,11.425162,5.42544,14.020531,9.89538,4.861974,13.266733
9.241285,7.329461,16.950667,9.948195,7.28628,17.269228,9.991743,7.308604,16.652465,10.479152,5.515037,14.933145,11.159454,5.681122,13.960508,9.706125,5.021168,13.43668
9.029354,7.385666,17.035851,9.754106,7.395198,17.273111,9.828204,7.45783,16.543183,10.298717,5.698171,14.866611,10.883631,5.66708,13.98483,9.456278,5.137569,13.3731
8.892501,7.531698,17.050567,9.525284,7.440945,17.235317,9.654127,7.506004,16.5477,10.089835,5.814226,14.841256,10.726012,5.739845,13.934949,9.194249,5.252873,13.235144
8.702741,7.547397,17.097086,9.319359,7.516973,17.415139,9.430711,7.548348,16.618306,9.920141,5.926845,14.787051,10.484831,5.839065,13.817522,8.869787,5.342806,13.377429
8.499222,7.585057,17.194278,9.152738,7.692774,17.205406,9.196402,7.616788,16.733434,9.605593,5.960737,14.838393,10.212637,5.893766,13.878431,8.646497,5.611329,13.229473
8.314781,7.697044,17.133958,8.993833,7.768613,17.263278,9.017385,7.765613,16.596885,9.402393,5.992243,14.915844,9.980912,5.747714,14.022889,8.379048,5.713951,13.227399
8.129395,7.828916,17.041537,8.747294,7.834975,17.290599,8.78914,7.874848,16.645659,9.212853,6.002401,14.946033,9.756636,6.001308,13.737411,8.184159,5.713984,13.295578
7.875467,7.847731,17.149142,8.54028,7.931472,17.227201,8.61654,7.97454,16.611238,9.07329,6.148358,14.739379,9.388375,6.243342,13.530369,7.884892,5.81906,13.372161
7.721971,7.858735,17.232178,8.375281,8.042988,17.13939,8.39135,8.085741,16.577049,8.681671,6.168333,14.824357,9.136983,6.10912,13.733828,7.65978,6.015212,13.180746
7.523183,7.978966,17.334694,8.188688,8.049665,17.145134,8.218746,8.195391,16.55121,8.493254,6.278,14.738237,9.006019,6.229133,13.532516,7.394468,6.034761,13.345501
7.354303,8.027678,17.31385,7.956156,8.196659,17.178329,8.061547,8.235017,16.571874,8.292158,6.386526,14.677657,8.742104,6.348916,13.514792,7.102043,6.221552,13.101142
7.118708,8.178402,17.220307,7.684702,8.145464,17.38638,7.782617,8.341979,16.621472,8.035832,6.434036,14.659836,8.428653,6.351771,13.449218,6.836696,6.241875,13.264748
6.913309,8.235975,17.195602,7.431276,8.295579,17.309621,7.518168,8.356959,16.666549,7.735949,6.448749,14.739175,8.164468,6.448246,13.401615,6.53247,6.391331,13.15733
6.70455,8.351857,17.203475,7.354817,8.404727,17.241254,7.344376,8.481021,16.516162,7.512652,6.357403,14.877052,7.874961,6.37252,13.594293,6.200404,6.372216,13.23751
6.484674,8.371052,17.309963,7.044659,8.432078,17.335295,7.17937,8.550157,16.570389,7.258061,6.647944,14.670286,7.594352,6.338062,13.690493,5.960815,6.391409,13.321663
6.282681,8.445365,17.181366,6.912453,8.537125,17.246171,6.889808,8.552591,16.669856,7.044128,6.767835,14.487088,7.368086,6.45577,13.557787,5.689014,6.564437,13.133863
6.055899,8.556814,17.257104,6.730997,8.645565,17.201364,6.679281,8.633383,16.654427,6.764325,6.776051,14.584411,7.070705,6.548911,13.497156,5.367357,6.519941,13.407253
5.765897,8.610561,17.251848,6.510804,8.777119,17.112938,6.436168,8.798817,16.535995,6.389408,6.574142,14.812519,6.802832,6.519233,13.56884,5.018427,6.569765,13.228551
5.515966,8.622215,17.312724,6.259582,8.9037,17.013568,6.190985,8.792173,16.629184,6.198107,6.791469,14.721345,6.373617,6.539169,13.456144,4.753067,6.626901,13.297163
5.305363,8.670103,17.300047,5.979119,8.864639,17.150718,5.918309,8.844748,16.639037,5.931001,6.806722,14.614431,6.15767,6.540321,13.487317,4.577503,6.633917,13.313139
5.032116,8.712391,17.346737,5.777792,8.988017,17.006677,5.662451,8.855097,16.70659,5.578738,6.851748,14.52726,5.901566,6.537178,13.531287,4.227167,6.689897,13.209084
4.853161,8.800409,17.268692,5.456296,8.932652,17.24265,5.463014,8.929634,16.661776,5.342883,6.893838,14.603792,5.598069,6.712132,13.267412,3.966003,6.667173,13.388035
4.580947,8.814671,17.288538,5.274307,9.056645,17.130479,5.307605,9.020657,16.57572,5.119149,6.987675,14.441816,5.36063,6.636253,13.406602,3.682066,6.762468,13.203163
4.441461,9.040417,17.093848,4.973165,9.134687,17.141437,5.067124,9.151836,16.423875,4.905812,7.154187,14.298873,4.99454,6.661391,13.392392,3.379489,6.725372,13.376333
4.203569,8.987594,17.180798,4.689081,8.968143,17.456091,4.783814,9.113381,16.596725,4.559046,7.060249,14.336748,4.737452,6.662625,13.352743,2.992485,6.650148,13.440907
3.899431,8.977621,17.276732,4.571587,9.135015,17.198407,4.499063,9.129695,16.622045,4.40963,7.070391,14.333449,4.506084,6.587775,13.465738,2.691537,6.672527,13.552929
3.677841,9.092979,17.233298,4.299059,9.237806,17.140721,4.305961,9.169754,16.661719,4.084732,7.112045,14.240838,4.148104,6.580765,13.415967,2.523263,6.645729,13.474204
3.507667,9.085615,17.272126,4.04008,9.25077,17.250687,4.121603,9.24737,16.639324,3.845328,7.108619,14.216044,3.881774,6.632411,13.338271,2.129019,6.654597,13.409758
3.279595,9.268582,17.084141,3.836682,9.246624,17.283793,3.853257,9.365982,16.489959,3.561335,7.047574,14.363058,3.663071,6.562542,13.427274,1.999089,6.598834,13.408364
3.032003,9.162164,17.259538,3.592448,9.202327,17.39427,3.652825,9.352236,16.514128,3.27618,7.062311,14.298859,3.291238,6.578467,13.421278,1.761708,6.585402,13.42389
2.818228,9.144668,17.205172,3.356046,9.23279,17.370844,3.358227,9.359546,16.548799,3.047091,7.155485,14.235033,3.091556,6.660369,13.363379,1.451409,6.633634,13.466475
2.450795,9.131825,17.356407,3.144443,9.447909,17.055527,3.088894,9.35349,16.571445,2.73649,7.104732,14.362378,2.860018,6.565659,13.368132,1.110265,6.615747,13.543273
2.368312,9.279506,17.166535,2.946508,9.454815,17.075685,2.829321,9.394301,16.479785,2.499326,7.031583,14.36912,2.567206,6.48897,13.455157,0.848794,6.604637,13.312392
2.06546,9.229559,17.219096,2.646796,9.408854,17.161984,2.608818,9.387112,16.563081,2.213637,7.070547,14.323951,2.284522,6.371418,13.48673,0.461347,6.356328,13.74915
1.777613,9.273982,17.192796,2.388462,9.391454,17.159741,2.441237,9.442082,16.478626,2.015332,7.004261,14.314054,1.919028,6.383712,13.366436,0.31386,6.464015,13.605423
1.727925,9.382518,17.097293,2.168392,9.456659,17.023224,2.211763,9.416553,16.504423,1.74439,6.962007,14.344857,1.675996,6.327026,13.423243,0.030025,6.399635,13.599477
1.446361,9.230781,17.231184,1.923565,9.42644,17.141097,2.001053,9.429597,16.50928,1.439735,7.010788,14.277368,1.435059,6.31995,13.416533,-0.274771,6.34632,13.65264
1.21697,9.264958,17.248484,1.7495,9.574405,17.024708,1.755135,9.473084,16.500114,1.226377,7.110534,14.087898,1.115789,6.421857,13.329643,-0.484169,6.321791,13.576981
0.971232,9.211091,17.254572,1.525608,9.378625,17.235082,1.580581,9.430012,16.493895,0.977157,6.906151,14.273009,0.930878,6.277888,13.531802,-0.667988,6.239995,13.69346
0.807028,9.322416,17.144359,1.347203,9.493203,17.10791,1.286732,9.34211,16.704479,0.72492,6.79578,14.445595,0.705058,6.206854,13.528572,-0.979631,6.055965,13.873163
0.57697,9.256657,17.20354,1.0915,9.544733,16.969249,1.088181,9.349847,16.620288,0.497584,6.952838,14.254632,0.446312,6.139525,13.522245,-1.216464,6.15383,13.755847
0.316208,9.104387,17.374931,0.920331,9.40617,17.204631,0.872664,9.37231,16.573794,0.306205,6.962298,14.107513,0.187638,6.059611,13.599175,-1.465169,6.209183,13.531471
0.091868,9.17006,17.3008,0.666168,9.508866,17.033876,0.678205,9.342787,16.59909,0.04927,6.877756,14.145384,-0.113371,6.123555,13.429926,-1.777199,5.891304,13.80931
0.024055,9.21847,17.200759,0.504639,9.336924,17.195751,0.476924,9.352663,16.531692,-0.202953,6.757338,14.304972,-0.358407,6.115826,13.432342,-2.057514,5.896752,13.838311
-0.268755,9.232283,17.069121,0.32744,9.376105,17.160532,0.244486,9.307505,16.488859,-0.478737,6.754543,14.208746,-0.559757,5.969171,13.575497,-2.222423,5.967794,13.611973
-0.435405,9.181046,17.17114,0.045411,9.347677,17.207218,0.068025,9.381136,16.442836,-0.660364,6.560623,14.461659,-0.845259,5.969882,13.503691,-2.454263,5.848997,13.719647
-0.64722,9.147414,17.186587,-0.094002,9.382503,17.075335,-0.141711,9.332826,16.455435,-0.885019,6.601839,14.3372,-1.062706,5.951097,13.511771,-2.794131,5.640019,13.94158
-0.892067,9.076082,17.264496,-0.291982,9.302262,17.085207,-0.382952,9.22832,16.558353,-1.149344,6.517099,14.395059,-1.292098,5.846588,13.579792,-3.025087,5.635991,13.835105
-1.106315,8.98607,17.267688,-0.473944,9.245389,17.143769,-0.556603,9.219808,16.549606,-1.401063,6.553927,14.338772,-1.562131,5.766747,13.587164,-3.324017,5.597878,13.867013
-1.307064,8.923552,17.235313,-0.71294,9.149494,17.176713,-0.718156,9.264246,16.398702,-1.606915,6.454765,14.391114,-1.778045,5.657284,13.70523,-3.45592,5.586858,13.69175
-1.527522,8.950348,17.226299,-0.910685,9.219897,16.99706,-0.983976,9.141353,16.449368,-1.830824,6.342243,14.400188,-2.015246,5.618687,13.656261,-3.706255,5.376226,14.079598
-1.755992,8.857795,17.246832,-1.168426,9.121721,17.072042,-1.188588,9.079524,16.467511,-2.02879,6.42404,14.237636,-2.198301,5.432532,13.904842,-3.954021,5.279474,14.044994
-1.949802,8.850068,17.239086,-1.354577,9.097719,17.016069,-1.360156,9.06019,16.453977,-2.235108,6.277283,14.344479,-2.502516,5.425748,13.777553,-4.066017,5.293538,13.935767
-2.157326,8.718767,17.275925,-1.583741,8.939762,17.200976,-1.556313,9.000409,16.472244,-2.571589,6.196836,14.416471,-2.7727,5.404131,13.734355,-4.371938,5.246775,13.9792
-2.328506,8.68474,17.291922,-1.793937,8.891566,17.187712,-1.825907,8.885397,16.513279,-2.789207,6.03862,14.456947,-2.98777,5.319641,13.77401,-4.641399,5.168776,13.916858
-2.540776,8.659054,17.216025,-1.985965,8.867808,17.150734,-2.025659,8.799364,16.52552,-2.993458,6.06859,14.254207,-3.210996,5.185771,13.886695,-4.767591,4.978086,14.189657
-2.790957,8.596601,17.212953,-2.172816,8.897382,17.052411,-2.175714,8.801903,16.482547,-3.311095,5.913652,14.383248,-3.463648,5.069805,13.905065,-5.141986,4.918651,14.08765
-2.968103,8.439247,17.354036,-2.340331,8.791503,17.036206,-2.432231,8.73218,16.511964,-3.47863,5.910863,14.315086,-3.695799,5.016804,13.921056,-5.368049,4.805953,14.076331
-3.173161,8.411242,17.254316,-2.527965,8.714736,17.092053,-2.597996,8.650222,16.462929,-3.705878,5.857879,14.315917,-3.983893,4.96905,13.808171,-5.584871,4.805613,14.032889
-3.373359,8.364496,17.232973,-2.760106,8.547704,17.121926,-2.835045,8.526025,16.561188,-3.964659,5.699339,14.36424,-4.144601,4.752068,14.057972,-5.779854,4.566871,14.243255
-3.554236,8.213479,17.283997,-2.910903,8.540495,17.060367,-3.016425,8.48652,16.516097,-4.210335,5.547338,14.425487,-4.414156,4.813581,13.890785,-6.037053,4.581575,14.008054
-3.782931,8.113658,17.29452,-3.155708,8.425881,17.088659,-3.229222,8.418331,16.484902,-4.377232,5.602002,14.307055,-4.655227,4.695473,13.966159,-6.263517,4.427927,14.1638
-4.008461,8.047337,17.323714,-3.243002,8.404853,17.074259,-3.458246,8.311852,16.45715,-4.579579,5.465189,14.292847,-4.874545,4.534528,14.041227,-6.440137,4.277079,14.19986
-4.215744,7.974867,17.298263,-3.547047,8.240422,17.137754,-3.682581,8.181384,16.495193,-4.940301,5.274598,14.532615,-5.123004,4.487643,13.916057,-6.632107,4.203625,14.125655
-4.380114,7.883433,17.245725,-3.743335,8.217952,17.02744,-3.857816,8.114941,16.487388,-5.121624,5.175423,14.453452,-5.321537,4.29412,14.093994,-6.971977,4.116614,14.123068
-4.577765,7.808165,17.227824,-3.911918,8.134604,17.028522,-4.083467,7.959923,16.532784,-5.318994,5.100518,14.417601,-5.47528,4.315142,14.037415,-7.263936,3.852172,14.245003
-4.832198,7.733578,17.197838,-4.14195,7.970486,16.982644,-4.281737,7.864467,16.537129,-5.54095,5.016938,14.402447,-5.78682,4.297403,13.830702,-7.466251,3.825895,14.239141
-5.036743,7.661993,17.131529,-4.376129,7.890054,16.997469,-4.489945,7.773568,16.468289,-5.878813,4.729024,14.60644,-6.075327,4.232802,13.872495,-7.556808,3.631366,14.221691
-5.207409,7.455261,17.231952,-4.587949,7.663033,17.155564,-4.751611,7.592792,16.58211,-5.963036,4.753139,14.486327,-6.175062,4.063884,13.999459,-7.862377,3.632951,14.086921
-5.442711,7.358132,17.220644,-4.751507,7.601995,17.154988,-4.91302,7.477921,16.511281,-6.162397,4.66171,14.416834,-6.399851,3.905299,13.997955,-7.942689,3.458535,14.252
-5.655612,7.19587,17.282891,-4.949451,7.504977,17.136369,-5.091662,7.396001,16.505542,-6.464961,4.489571,14.543193,-6.672309,3.733221,14.018139,-8.189913,3.282169,14.336075
-5.846102,7.111361,17.259392,-5.173625,7.342323,17.067632,-5.290871,7.24712,16.493191,-6.708019,4.377423,14.56798,-6.812009,3.703341,13.984337,-8.560319,3.00372,14.44733
-6.013095,6.946823,17.291408,-5.455195,7.172961,17.144525,-5.483739,7.215287,16.416932,-6.877474,4.173033,14.621919,-7.029673,3.587269,13.911708,-8.72363,2.874617,14.451056
-6.26501,6.869448,17.249143,-5.615726,7.167651,17.028464,-5.68436,7.12255,16.444118,-7.138972,4.06838,14.552196,-7.3105,3.386807,14.012633,-8.921273,2.715605,14.428403
-6.452413,6.745053,17.183727,-5.793872,6.889891,17.194977,-5.987481,6.782014,16.569603,-7.319015,3.848983,14.623073,-7.517802,3.148004,14.164923,-9.142771,2.667768,14.350691
-6.712078,6.577643,17.180585,-6.028425,6.682984,17.269227,-6.078034,6.798036,16.409772,-7.547707,3.728678,14.675648,-7.777139,3.043657,14.112253,-9.401574,2.328929,14.533116
-6.925337,6.367269,17.292648,-6.18795,6.657115,17.131771,-6.287347,6.683619,16.425822,-7.766778,3.626795,14.645689,-7.923623,2.928168,14.127536,-9.493372,2.307022,14.256564
-7.103465,6.227113,17.279697,-6.454492,6.555626,17.060889,-6.61541,6.4189,16.556615,-7.98439,3.388988,14.646422,-8.113496,2.797899,14.050963,-9.749329,2.185503,14.295692
-7.276919,6.090008,17.25741,-6.619682,6.45508,16.96474,-6.759003,6.374505,16.490692,-8.209391,3.259991,14.610014,-8.385227,2.602377,14.041569,-9.929334,1.854866,14.383902
-7.507498,5.913991,17.260923,-6.762064,6.356066,16.878182,-6.892647,6.283725,16.379809,-8.419877,3.083424,14.639797,-8.660767,2.352154,14.176802,-10.170585,1.62565,14.505795
-7.72731,5.772656,17.262528,-7.039519,6.013484,17.170205,-7.115729,6.0872,16.407021,-8.626558,2.990427,14.584764,-8.886578,2.195777,14.169925,-10.521526,1.416753,14.508919
-7.943122,5.614365,17.237496,-7.259093,5.885418,17.106154,-7.422646,5.809801,16.572732,-8.799809,2.799164,14.657486,-8.976091,2.186336,14.029328,-10.606171,1.333024,14.645546
-8.120057,5.443836,17.285863,-7.453604,5.773646,17.067432,-7.551133,5.744699,16.456395,-8.995854,2.651936,14.67294,-9.17629,1.977535,14.096037,-10.734601,1.367461,14.398875
-8.344572,5.319671,17.221567,-7.724925,5.590554,17.017566,-7.778374,5.557117,16.473312,-9.164595,2.526372,14.636904,-9.324694,1.956272,13.913843,-10.947272,1.152467,14.459397
-8.567873,5.140896,17.287159,-7.965786,5.376547,17.090832,-8.009316,5.502008,16.342548,-9.334636,2.441243,14.564873,-9.52339,1.841306,13.87272,-11.154952,1.077843,14.419204
-8.788786,5.062168,17.246377,-8.129762,5.307,17.008696,-8.170049,5.375164,16.369967,-9.500205,2.340116,14.467693,-9.687017,1.690764,13.810477,-11.195399,0.986884,14.4507
-8.968378,4.899068,17.302202,-8.33293,5.187919,16.982774,-8.431713,5.23139,16.422444,-9.636983,2.207083,14.490663,-9.717978,1.587689,13.804779,-11.292562,0.839965,14.573061
-9.157884,4.777629,17.23549,-8.507118,5.082408,17.038791,-8.589408,5.025161,16.495609,-9.772048,2.075838,14.510563,-9.914917,1.447822,13.737046,-11.422236,0.802004,14.468579
-9.346236,4.712131,17.212108,-8.739694,4.903339,17.109946,-8.824582,4.941045,16.46981,-9.923286,1.982659,14.455725,-10.045308,1.287001,13.679232,-11.523281,0.690082,14.433201
-9.520187,4.568848,17.177702,-8.903025,4.806854,17.069809,-9.044903,4.860453,16.359103,-10.071744,1.928462,14.425642,-10.137916,1.210211,13.670139,-11.564454,0.591626,14.263864
-9.699715,4.432672,17.162805,-9.095818,4.667173,17.073493,-9.128457,4.78946,16.345195,-10.17397,1.774102,14.414948,-10.298213,1.21106,13.62025,-11.728984,0.587865,14.363051
-9.874674,4.251628,17.279012,-9.22927,4.556074,17.103857,-9.371697,4.538264,16.388264,-10.264916,1.702942,14.371584,-10.329213,1.107963,13.614147,-11.807021,0.507141,14.283185
-10.076853,4.237832,17.146531,-9.416372,4.336925,17.255036,-9.536223,4.499691,16.374875,-10.39453,1.558178,14.373393,-10.382405,1.139737,13.413931,-11.814738,0.598816,14.183717
-10.231163,4.107405,17.161427,-9.646668,4.248664,17.238784,-9.664722,4.45659,16.384035,-10.457435,1.568073,14.451974,-10.417036,1.087375,13.459329,-11.926966,0.496184,14.277907
-10.395687,4.022121,17.147979,-9.696116,4.30247,17.030318,-9.88128,4.254448,16.440635,-10.488344,1.642333,14.372298,-10.483895,0.988327,13.468337,-11.924875,0.467883,14.24899
-10.554845,3.992128,17.074266,-9.959249,4.132742,17.036746,-10.046946,4.267158,16.31126,-10.592464,1.485557,14.509522,-10.517097,1.019678,13.31242,-11.988355,0.489734,14.225257
-10.720351,3.953216,17.00926,-9.993718,4.106745,17.028394,-10.192484,4.085438,16.420102,-10.561856,1.655044,14.277475,-10.518328,1.036539,13.329656,-11.948359,0.413726,14.365148
-10.832289,3.758024,17.131714,-10.248521,3.878409,17.256888,-10.383752,3.974638,16.429423,-10.603071,1.578443,14.323385,-10.574537,0.980803,13.419734,-11.958904,0.401326,14.279924
-10.952079,3.637788,17.245406,-10.403245,3.811008,17.223165,-10.514084,3.979959,16.422091,-10.694221,1.470523,14.459981,-10.602656,0.952922,13.464794,-12.028375,0.463582,14.199683
-11.108344,3.648094,17.103992,-10.487252,3.798119,17.122314,-10.627098,3.916586,16.384416,-10.776584,1.422974,14.480758,-10.609219,0.92844,13.46507,-12.011851,0.435684,14.341279
-11.215762,3.502657,17.255221,-10.617673,3.645884,17.321701,-10.71758,3.829827,16.377019,-10.807619,1.430731,14.485577,-10.687073,0.869229,13.600059,-12.035339,0.381686,14.457295
-11.374385,3.540316,17.141567,-10.783027,3.582875,17.30985,-10.833934,3.862454,16.308118,-10.853138,1.410093,14.511572,-10.665492,0.872634,13.555248,-12.06165,0.427632,14.359176
-11.48481,3.425726,17.233181,-10.818529,3.630658,17.215651,-10.962499,3.820178,16.315814,-10.94183,1.449377,14.543242,-10.71078,1.04656,13.380957,-12.071162,0.400896,14.259719
-11.524171,3.485407,17.110992,-10.897817,3.635303,17.114141,-11.096064,3.670485,16.469761,-10.989745,1.209594,14.830963,-10.720353,1.081231,13.373446,-12.057889,0.449805,14.259305
-11.607362,3.494748,17.141969,-11.028257,3.535475,17.206533,-11.168763,3.698874,16.400542,-11.101294,1.327657,14.761484,-10.800762,1.039025,13.593689,-12.113659,0.48201,14.220837
-11.743319,3.427757,17.157065,-11.06936,3.622175,17.080797,-11.255894,3.708027,16.400306,-11.126535,1.370048,14.776428,-10.830155,1.02811,13.655991,-12.136395,0.594781,14.166014
-11.837218,3.437583,17.124773,-11.090266,3.613268,17.124377,-11.341418,3.669265,16.415512,-11.111638,1.46519,14.670397,-10.840297,1.071419,13.656875,-12.150021,0.624778,14.124266
-11.895284,3.381915,17.218632,-11.25197,3.526356,17.228717,-11.392518,3.689862,16.392237,-11.131317,1.61913,14.620958,-10.794054,1.187114,13.51684,-12.130436,0.554519,14.222401
-11.960876,3.432511,17.151954,-11.297179,3.469933,17.295034,-11.420999,3.662507,16.438271,-11.211004,1.536274,14.682157,-10.794054,1.187114,13.51684,-12.091573,0.492781,14.376673
-12.062769,3.443724,17.144994,-11.400251,3.456378,17.385444,-11.551485,3.608693,16.599599,-11.214476,1.587678,14.733589,-10.868439,1.211606,13.643806,-12.133532,0.597126,14.265564
-12.116063,3.350397,17.289498,-11.460413,3.467582,17.324214,-11.666244,3.574895,16.629582,-11.264252,1.694655,14.583027,-10.895197,1.290444,13.595067,-12.263391,0.536615,14.232519
-12.144227,3.397619,17.298217,-11.537341,3.469481,17.360236,-11.661688,3.630529,16.660599,-11.251892,1.753462,14.593057,-10.920722,1.352297,13.529183,-12.233296,0.478976,14.415674
-12.216076,3.511715,17.206031,-11.640274,3.553831,17.30142,-11.692665,3.710344,16.583504,-11.336999,1.741597,14.57304,-10.95804,1.378345,13.627249,-12.262562,0.567676,14.360549
-12.094758,3.672759,17.043906,-11.622822,3.661533,17.268257,-11.743725,3.731023,16.560078,-11.385857,1.695601,14.724836,-10.958644,1.386806,13.63585,-12.27784,0.588403,14.405666
-12.217588,3.537449,17.231385,-11.601414,3.625022,17.267009,-11.758115,3.730874,16.544821,-11.440857,1.801968,14.649472,-10.984742,1.457065,13.578559,-12.278556,0.704864,14.305402
-12.227833,3.595803,17.290483,-11.612636,3.639841,17.299759,-11.759648,3.778792,16.529327,-11.505536,1.742852,14.761031,-11.137273,1.393018,13.6595,-12.35019,0.693477,14.368192
-12.182338,3.777857,17.146129,-11.60079,3.723482,17.330949,-11.714295,3.941803,16.482991,-11.394067,1.878633,14.528688,-11.145551,1.410806,13.634659,-12.379546,0.634487,14.285356
-12.200992,3.662135,17.281631,-11.550531,3.814378,17.210948,-11.756139,3.874394,16.537009,-11.479141,1.795658,14.664741,-11.145551,1.410806,13.634659,-12.387212,0.624345,14.299876
-12.258391,3.711317,17.18939,-11.621773,3.840308,17.182562,-11.737799,3.962233,16.552155,-11.508863,1.85972,14.574461,-11.145551,1.410806,13.634659,-12.387212,0.624345,14.299876
-12.249284,3.736716,17.277921,-11.642128,3.82082,17.215543,-11.744366,3.962432,16.513464,-11.494381,1.887837,14.553402,-11.145551,1.410806,13.634659,-12.411486,0.687108,14.315405
-12.167621,3.87011,17.099471,-11.606408,3.762334,17.299296,-11.709411,4.013694,16.467331,-11.495788,1.908276,14.574096,-11.169166,1.447204,13.542998,-12.484893,0.666435,14.465155
-12.183837,3.803563,17.17146,-11.612211,3.829371,17.224533,-11.651758,4.036027,16.406478,-11.495788,1.908276,14.574096,-11.222183,1.47285,13.513504,-12.505379,0.750757,14.381355
-12.195026,3.669649,17.442088,-11.612211,3.829371,17.224533,-11.651758,4.036027,16.406478,-11.667387,1.834203,14.710378,-11.258063,1.454513,13.525009,-12.609733,0.760914,14.346069
-12.153821,3.788725,17.259662,-11.526884,3.935147,17.10299,-11.645176,4.035862,16.44509,-11.590154,1.913247,14.595308,-11.343577,1.377649,13.556986,-12.533181,0.746526,14.353853
-12.060111,3.896109,17.11898,-11.456738,3.96516,17.099643,-11.637675,4.01993,16.468189,-11.622868,1.978468,14.379486,-11.506294,1.222882,13.594757,-12.573253,0.720165,14.328525
-12.089163,3.868451,17.165808,-11.420574,3.924308,17.129596,-11.5727,4.050566,16.391585,-11.629404,1.954266,14.379596,-11.463608,1.282403,13.532122,-12.581395,0.600357,14.256868
-11.97807,3.970333,17.235654,-11.359628,3.98275,17.030649,-11.52213,4.081013,16.29979,-11.662925,1.881962,14.404359,-11.467911,1.341534,13.592567,-12.63956,0.558956,14.361406
-12.034943,3.918875,17.156443,-11.391148,3.978071,17.096367,-11.427603,4.055908,16.323168,-11.694631,1.899931,14.419406,-11.44686,1.21917,13.512748,-12.623493,0.610233,14.460691
-11.929945,4.013039,17.06625,-11.238851,4.09275,16.897014,-11.405306,4.075377,16.230985,-11.65054,1.940655,14.414399,-11.456933,1.262387,13.513738,-12.651563,0.684623,14.39121
-11.936452,3.988672,17.066412,-11.188678,4.12082,16.872895,-11.317852,4.058343,16.223517,-11.649139,1.920189,14.393769,-11.44686,1.21917,13.512748,-12.642639,0.601736,14.404481
-11.669973,4.072064,17.011274,-11.137521,4.013109,17.029557,-11.289874,4.093459,16.1853,-11.649139,1.920189,14.393769,-11.453867,1.220093,13.470658,-12.65795,0.622494,14.449516
-11.68038,3.9989,17.070986,-11.190617,3.924174,17.22633,-11.283241,4.093346,16.223753,-11.540874,1.985737,14.192657,-11.453867,1.220093,13.470658,-12.681664,0.561207,14.364611
-11.65934,4.026986,17.041487,-11.1827,3.968367,17.168269,-11.259267,4.021968,16.269703,-11.596852,1.920411,14.27262,-11.383441,1.128822,13.451929,-12.664938,0.632204,13.876626
-11.635374,4.058436,17.007577,-11.08114,4.043146,16.989936,-11.11738,4.122227,16.063694,-11.565627,1.726895,14.303357,-11.340526,1.146013,13.408895,-12.592909,0.674962,14.277659
-11.636113,4.073338,16.8715,-11.04657,4.073822,16.926067,-11.067812,4.181279,15.990091,-11.64849,1.638206,14.498401,-11.31816,1.127876,13.380908,-12.584931,0.708096,14.302268
-11.597135,4.064544,16.883679,-11.015869,4.081094,16.929279,-11.032431,4.176954,15.994506,-11.628995,1.639648,14.488227,-11.300396,1.124069,13.377524,-12.569505,0.714244,14.309794
-11.572253,4.066613,16.894819,-10.980648,4.091681,16.999676,-11.011573,4.173586,16.010828,-11.606093,1.643445,14.475217,-11.278779,1.122066,13.373316,-12.549222,0.712282,14.305684
-11.554009,4.073138,16.903691,-11.020143,4.18181,16.762421,-10.990557,4.180927,16.010818,-11.563368,1.66712,14.431033,-11.217626,1.123153,13.368132,-12.530567,0.705707,14.31243
-11.535782,4.093686,16.907883,-10.997972,4.197608,16.755394,-10.967941,4.19564,16.005374,-11.538002,1.642712,14.466857,-11.203387,1.118618,13.372492,-12.483089,0.703982,14.307726
-11.519725,4.104505,16.908238,-10.974311,4.229332,16.747624,-10.945977,4.220918,16.004184,-11.52476,1.640803,14.468799,-11.192177,1.115775,13.37476,-12.469321,0.70241,14.305304
-11.500058,4.119684,16.900255,-10.920437,4.274575,16.682269,-10.891455,4.263569,15.939343,-11.512336,1.644285,14.462816,-11.179474,1.115042,13.378605,-12.456808,0.703229,14.300922
-11.438672,4.169594,16.821826,-10.903255,4.286271,16.677684,-10.872018,4.275187,15.939282,-11.498762,1.647322,14.4574,-11.165433,1.116633,13.377601,-12.446771,0.701661,14.300324
-11.380699,4.214356,16.754285,-10.88651,4.296577,16.67658,-10.854121,4.284162,15.941196,-11.483702,1.654464,14.448116,-11.150322,1.120388,13.375673,-12.43314,0.70414,14.294501
-11.358468,4.227022,16.752394,-10.86633,4.307309,16.678057,-10.833492,4.293829,15.944186,-11.447562,1.686409,14.401263,-11.136727,1.127835,13.36982,-12.423276,0.707131,14.291019
-11.339235,4.236607,16.761854,-10.841897,4.322272,16.676159,-10.799198,4.293703,15.966357,-11.438237,1.690607,14.399638,-11.093751,1.16307,13.329419,-12.40972,0.710628,14.286225
-11.31149,4.232057,16.812956,-10.780653,4.345701,16.685384,-10.751028,4.340212,15.937105,-11.429958,1.697547,14.398974,-11.071082,1.143113,13.370629,-12.377878,0.733608,14.253765
-11.29648,4.262228,16.836149,-10.765729,4.359951,16.690589,-10.734879,4.351443,15.944366,-11.422789,1.702833,14.399755,-11.058984,1.153175,13.372948,-12.367366,0.734796,14.257741
-11.284754,4.275251,16.841351,-10.749825,4.390773,16.696523,-10.718971,4.369837,15.946609,-11.414996,1.710438,14.400521,-11.041691,1.181792,13.371851,-12.354553,0.736682,14.260343
-11.273434,4.286744,16.846564,-10.735505,4.403468,16.695816,-10.703944,4.392511,15.953189,-11.409989,1.7184,14.401188,-11.033401,1.186345,13.379504,-12.336497,0.713065,14.310479
-11.25981,4.298935,16.850345,-10.719291,4.414965,16.696646,-10.686168,4.404571,15.954072,-11.403042,1.729912,14.39999,-11.027296,1.194368,13.381251,-12.329384,0.721361,14.306903
-11.248035,4.309536,16.860537,-10.704505,4.427142,16.697945,-10.668653,4.416894,15.955962,-11.389332,1.769639,14.400546,-11.022884,1.202913,13.387387,-12.325938,0.726625,14.309583
-11.232201,4.328014,16.876176,-10.654142,4.467763,16.647927,-10.621029,4.451883,15.915132,-11.387877,1.77767,14.403176,-11.020072,1.210863,13.393481,-12.320705,0.735772,14.307374
-11.216983,4.349217,16.895295,-10.639768,4.481296,16.664603,-10.598312,4.449261,15.955212,-11.386111,1.788769,14.407328,-11.016089,1.223264,13.400177,-12.317854,0.743636,14.310099
-11.191327,4.353076,16.952623,-10.616847,4.485673,16.730879,-10.585936,4.473185,15.981833,-11.385065,1.798681,14.415949,-11.013386,1.242148,13.422383,-12.315068,0.753711,14.314248
-11.134939,4.400968,16.884424,-10.603818,4.510938,16.74382,-10.574518,4.497771,15.994752,-11.384359,1.813282,14.432595,-11.012556,1.254057,13.428871,-12.309295,0.778723,14.324237
-11.126679,4.41307,16.890563,-10.594362,4.522498,16.746986,-10.564678,4.510457,16.000865,-11.38517,1.825513,14.43664,-11.011517,1.26674,13.435353,-12.308717,0.806365,14.355943
-11.119188,4.426751,16.899102,-10.58625,4.532827,16.752074,-10.555911,4.521002,16.007943,-11.385379,1.834768,14.443563,-11.00082,1.305288,13.43256,-12.307918,0.813799,14.359523
-11.111058,4.441193,16.910154,-10.577725,4.543666,16.760179,-10.546878,4.530268,16.017021,-11.386813,1.845874,14.448022,-11.002237,1.314386,13.442429,-12.308898,0.819365,14.362534
-11.103331,4.465305,16.924512,-10.570551,4.55866,16.770697,-10.538721,4.543528,16.027558,-11.388734,1.857645,14.453912,-11.004958,1.326346,13.45088,-12.310713,0.828457,14.366504
-11.097237,4.47711,16.939098,-10.562402,4.588464,16.7909,-10.529953,4.558061,16.041091,-11.381612,1.898706,14.457248,-11.007515,1.334295,13.462695,-12.311975,0.83386,14.373472
-11.090466,4.496209,16.965895,-10.554701,4.608447,16.816122,-10.521307,4.588273,16.072931,-11.385086,1.9062,14.467629,-11.009188,1.352949,13.484755,-12.314668,0.83996,14.380892
-11.084451,4.505565,16.975493,-10.547913,4.615872,16.826232,-10.515094,4.598384,16.082445,-11.388455,1.915992,14.479537,-11.01228,1.364061,13.493093,-12.314717,0.847727,14.390482
-11.077919,4.513003,16.989062,-10.540137,4.622624,16.833354,-10.50806,4.605162,16.094453,-11.39115,1.928245,14.499019,-11.015668,1.371715,13.502812,-12.317599,0.870273,14.422869
-11.072234,4.518548,17.003092,-10.535241,4.625129,16.847367,-10.493886,4.59206,16.133364,-11.39508,1.936294,14.507396,-11.018975,1.383649,13.508648,-12.32273,0.873889,14.43064
-11.056798,4.504725,17.055301,-10.518981,4.605453,16.897542,-10.491414,4.597292,16.144789,-11.398733,1.944097,14.514747,-11.011753,1.42242,13.507189,-12.326045,0.879274,14.435534
-11.053433,4.52203,17.06863,-10.516334,4.611979,16.909517,-10.488942,4.602524,16.156214,-11.403393,1.948726,14.522013,-11.016368,1.430328,13.516975,-12.329811,0.884806,14.441354
-11.050334,4.528026,17.08266,-10.514185,4.619171,16.922953,-10.485828,4.608517,16.170135,-11.408197,1.956971,14.528801,-11.022338,1.437908,13.526204,-12.337629,0.885258,14.452927
-11.047259,4.534904,17.094227,-10.51309,4.629087,16.937351,-10.48347,4.615803,16.183568,-11.412921,1.962224,14.540012,-11.026565,1.446275,13.538998,-12.340494,0.890084,14.459831
-11.045866,4.550439,17.11741,-10.511077,4.657391,16.969666,-10.481652,4.63248,16.209482,-11.418136,1.968534,14.549732,-11.032233,1.456058,13.563734,-12.344725,0.892167,14.474555
-11.04363,4.555796,17.126465,-10.510903,4.662303,16.979624,-10.481352,4.645101,16.226679,-11.412574,2.006496,14.557961,-11.037846,1.460799,13.573425,-12.34997,0.895315,14.489315
-11.043141,4.55876,17.134485,-10.511305,4.664404,16.989101,-10.482076,4.649137,16.238056,-11.420319,2.010258,14.572115,-11.04369,1.464879,13.586533,-12.354682,0.912829,14.521962
-11.044495,4.561527,17.142917,-10.512877,4.66692,16.998034,-10.483412,4.651897,16.246436,-11.451216,1.989616,14.636304,-11.073846,1.442756,13.633388,-12.376055,0.898574,14.557052
-11.045146,4.564396,17.149881,-10.514622,4.668155,17.006471,-10.485447,4.654555,16.256279,-11.455379,1.991606,14.64759,-11.078529,1.447874,13.64114,-12.380839,0.899328,14.565302
-11.046494,4.567533,17.155341,-10.516368,4.669391,17.014909,-10.487885,4.655687,16.266132,-11.460902,1.993266,14.658317,-11.081522,1.450588,13.653328,-12.38402,0.900665,14.573612
-11.048484,4.568519,17.164301,-10.519217,4.668994,17.024832,-10.491627,4.654428,16.277462,-11.464997,1.99424,14.668583,-11.084605,1.456302,13.661123,-12.388493,0.899064,14.582852
-11.050506,4.571041,17.170723,-10.522564,4.669628,17.033247,-10.494562,4.656588,16.285819,-11.468189,1.996093,14.677405,-11.087194,1.460956,13.670399,-12.391186,0.899744,14.589723
-11.053193,4.572296,17.178179,-10.526814,4.669395,17.043139,-10.499499,4.656256,16.297115,-11.471805,1.997985,14.683715,-11.088504,1.468545,13.678742,-12.394786,0.89954,14.598033
-11.056089,4.572417,17.188616,-10.531266,4.668396,17.05304,-10.504867,4.654911,16.308923,-11.475171,1.998557,14.692032,-11.082622,1.499985,13.678681,-12.397929,0.900781,14.602894
-11.061785,4.572873,17.198979,-10.537349,4.666942,17.066393,-10.511202,4.654742,16.320191,-11.478296,1.999392,14.699835,-11.084814,1.499697,13.690422,-12.400559,0.898432,14.614206
-11.068387,4.572463,17.210819,-10.543902,4.666005,17.077734,-10.519567,4.652594,16.3349,-11.481217,2.001392,14.704706,-11.087608,1.50801,13.710838,-12.40419,0.90033,14.620508
-11.076773,4.569804,17.225106,-10.552491,4.663083,17.092543,-10.528833,4.64958,16.351079,-11.484375,2.002737,14.71302,-11.089569,1.508384,13.71916,-12.400523,0.913739,14.627504
-11.088292,4.568036,17.247303,-10.561983,4.659292,17.108832,-10.560599,4.63007,16.406856,-11.486805,2.003679,14.719384,-11.090916,1.511471,13.724564,-12.402561,0.913044,14.638907
-11.129289,4.552208,17.330661,-10.595781,4.649308,17.177493,-10.566712,4.637731,16.428214,-11.488778,2.004074,14.727752,-11.0933,1.511892,13.730386,-12.40341,0.933067,14.657252
-11.132699,4.560426,17.336963,-10.601609,4.647959,17.186866,-10.573022,4.637417,16.436028,-11.489958,2.008457,14.733684,-11.094363,1.513148,13.737275,-12.406277,0.932467,14.663612
-11.137338,4.558524,17.343398,-10.607434,4.64698,17.193264,-10.579504,4.635827,16.443345,-11.493325,2.00903,14.742004,-11.096044,1.513283,13.744574,-12.407714,0.931167,14.669523
-11.142735,4.558943,17.346289,-10.613058,4.646766,17.199654,-10.586512,4.635781,16.449663,-11.493284,2.011955,14.747479,-11.096667,1.515973,13.748039,-12.406215,0.933291,14.67111
-11.148544,4.55746,17.352172,-10.619557,4.645169,17.207019,-10.592996,4.63419,16.456981,-11.496205,2.013955,14.752351,-11.098117,1.516768,13.751918,-12.408379,0.934391,14.673511
-11.154143,4.557114,17.355069,-10.625824,4.644191,17.210897,-10.600271,4.635423,16.461292,-11.498669,2.015408,14.759227,-11.098211,1.517893,13.756354,-12.412085,0.93188,14.680295
-11.160629,4.555014,17.361916,-10.633228,4.641727,17.219742,-10.607627,4.632453,16.469577,-11.499313,2.020472,14.771723,-11.09987,1.517916,13.760238,-12.412155,0.932908,14.681312
-11.168403,4.556415,17.367189,-10.64157,4.640296,17.224555,-10.616677,4.63144,16.476325,-11.501252,2.020359,14.779582,-11.100458,1.5201,13.763193,-12.41062,0.934518,14.682391
-11.180421,4.55168,17.381371,-10.649645,4.637583,17.231391,-10.625432,4.628635,16.484578,-11.503236,2.02273,14.782499,-11.100689,1.519439,13.766614,-12.411774,0.933377,14.68434
-11.225775,4.520272,17.452613,-10.656994,4.634087,17.239228,-10.634859,4.625212,16.493795,-11.505598,2.022655,14.787845,-11.102633,1.521294,13.769012,-12.415022,0.932309,14.687672
-11.230229,4.521415,17.45054,-10.666269,4.632305,17.246024,-10.666434,4.608065,16.537214,-11.521021,2.030795,14.822803,-11.102002,1.522021,13.771509,-12.414396,0.933035,14.690192
-11.236055,4.522213,17.447919,-10.701821,4.612549,17.296593,-10.674554,4.607775,16.539028,-11.522723,2.031337,14.827221,-11.103625,1.521537,13.774883,-12.415826,0.933736,14.690641
-11.239986,4.521805,17.446854,-10.707861,4.611823,17.299959,-10.679879,4.607155,16.540906,-11.524847,2.031917,14.829123,-11.104844,1.522994,13.775341,-12.415651,0.93502,14.691152
-11.246596,4.525441,17.441192,-10.714189,4.613636,17.295848,-10.688381,4.611956,16.533776,-11.526276,2.032605,14.829584,-11.105076,1.522333,13.778763,-12.415896,0.934765,14.691659
-11.263532,4.550315,17.403174,-10.721486,4.616632,17.291185,-10.702105,4.62834,16.509618,-11.528151,2.031866,14.833497,-11.105801,1.522731,13.780703,-12.416106,0.933995,14.691657
-11.268622,4.550699,17.398576,-10.738742,4.641176,17.253798,-10.708622,4.629019,16.508496,-11.529579,2.032554,14.833959,-11.105628,1.524011,13.781208,-12.415931,0.935279,14.692168
-11.273548,4.551993,17.397456,-10.744576,4.641587,17.254177,-10.714209,4.630049,16.505403,-11.531386,2.030796,14.836849,-11.106562,1.523636,13.783152,-12.416386,0.934253,14.692673
-11.279758,4.550374,17.397321,-10.750784,4.639952,17.254065,-10.720902,4.629081,16.506744,-11.53278,2.030975,14.836799,-11.10746,1.522755,13.784587,-12.416596,0.933483,14.692672
-11.28277,4.551207,17.391798,-10.755685,4.640715,17.25246,-10.726722,4.629493,16.507119,-11.533271,2.032033,14.835305,-11.107425,1.522248,13.784077,-12.417746,0.933927,14.692105
-11.288067,4.539264,17.386869,-10.761396,4.638048,17.253859,-10.732421,4.626834,16.508502,-11.534219,2.033639,14.831805,-11.106931,1.521189,13.785559,-12.417466,0.932502,14.690659
-11.292674,4.538242,17.386765,-10.766002,4.637013,17.253773,-10.738213,4.626732,16.508374,-11.536234,2.03111,14.8347,-11.108531,1.520594,13.785516,-12.418162,0.932805,14.689156
-11.29699,4.53542,17.388183,-10.770786,4.634328,17.256166,-10.742985,4.624055,16.510747,-11.536656,2.031149,14.832183,-11.108496,1.520087,13.785006,-12.417952,0.933575,14.689158
-11.302061,4.534918,17.386056,-10.775687,4.635092,17.254559,-10.749271,4.624984,16.509117,-11.537355,2.031435,14.830694,-11.108496,1.520087,13.785006,-12.417673,0.93215,14.687711
-11.306175,4.532861,17.387467,-10.77997,4.631743,17.255487,-10.753343,4.622409,16.510025,-11.537985,2.030702,14.828182,-11.108877,1.518035,13.784505,-12.418721,0.929467,14.688134
-11.310955,4.530558,17.386862,-10.785278,4.630607,17.256872,-10.760036,4.621442,16.511365,-11.538684,2.030988,14.826693,-11.107908,1.517904,13.782051,-12.419627,0.929,14.68663
-11.316036,4.529684,17.387714,-10.78875,4.63069,17.254794,-10.765102,4.620558,16.512231,-11.538582,2.029461,14.825159,-11.108575,1.517683,13.780064,-12.418473,0.930141,14.684681
-11.320817,4.527382,17.387109,-10.795136,4.627406,17.257159,-10.770572,4.618149,16.513106,-11.540814,2.028136,14.822604,-11.108254,1.515345,13.78104,-12.421371,0.92662,14.68555
-11.326505,4.524214,17.38798,-10.799714,4.625856,17.256567,-10.796283,4.600317,16.549197,-11.540953,2.026347,14.821586,-11.10885,1.514112,13.778033,-12.421088,0.926779,14.681589
-11.331605,4.524229,17.386358,-10.831924,4.604463,17.301718,-10.800444,4.600669,16.545631,-11.54068,2.026493,14.81763,-11.109023,1.512832,13.777528,-12.421197,0.922883,14.682577
-11.372081,4.493816,17.450188,-10.835101,4.602748,17.301159,-10.804081,4.599476,16.543064,-11.541276,2.025252,14.814607,-11.109369,1.510274,13.776517,-12.422067,0.921901,14.680564
-11.375741,4.49352,17.445115,-10.838539,4.602688,17.295596,-10.808241,4.599829,16.539498,-11.541623,2.022691,14.813595,-11.108608,1.509369,13.774067,-12.422351,0.916721,14.681041
-11.378475,4.493201,17.44104,-10.841514,4.601739,17.295029,-10.811877,4.598636,16.536931,-11.542219,2.02145,14.810572,-11.109483,1.508376,13.772085,-12.425877,0.903961,14.674607
-11.3814,4.49249,17.43399,-10.844952,4.601678,17.289466,-10.815803,4.599607,16.529896,-11.542989,2.018929,14.807043,-11.109585,1.506084,13.77056,-12.42644,0.900204,14.676532
-11.384162,4.492688,17.430421,-10.848395,4.601247,17.286881,-10.818566,4.599794,16.526363,-11.542889,2.017795,14.802581,-11.109526,1.505466,13.766633,-12.427485,0.897939,14.674008
-11.38759,4.492641,17.424835,-10.851337,4.600153,17.282831,-10.821997,4.599735,16.52083,-11.544297,2.012303,14.790947,-11.11077,1.502026,13.767056,-12.428779,0.895,14.674938
-11.389414,4.493189,17.419283,-10.853875,4.60059,17.278767,-10.824731,4.599407,16.516796,-11.54399,2.011941,14.786479,-11.109076,1.501497,13.762662,-12.428461,0.894644,14.670469
-11.394782,4.496773,17.407122,-10.857578,4.601814,17.271178,-10.837009,4.616873,16.48322,-11.544233,2.007855,14.783931,-11.11057,1.499383,13.761089,-12.429898,0.889487,14.673327
-11.40662,4.516769,17.370735,-10.872683,4.626809,17.2288,-10.839742,4.616546,16.479186,-11.54458,2.005294,14.782919,-11.110053,1.498212,13.759154,-12.42916,0.889508,14.668428
-11.408629,4.515663,17.367665,-10.874926,4.625447,17.226257,-10.843056,4.613046,16.477624,-11.545176,2.004054,14.779895,-11.110363,1.495147,13.757633,-12.4293,0.887709,14.66741
-11.411564,4.51458,17.363597,-10.877169,4.624085,17.223713,-10.844887,4.613583,16.472122,-11.545488,2.000985,14.778371,-11.110216,1.491529,13.758103,-12.430139,0.885794,14.667836
-11.412867,4.513575,17.359057,-10.878451,4.62256,17.218682,-10.84657,4.610536,16.467127,-11.545596,1.999079,14.773915,-11.109015,1.492059,13.752228,-12.430454,0.882711,14.666307
-11.415281,4.51094,17.356,-10.881189,4.622232,17.214627,-10.849476,4.608932,16.462595,-11.545531,1.998454,14.769965,-11.108254,1.491155,13.749778,-12.42993,0.881542,14.664354
-11.415918,4.51018,17.353476,-10.882909,4.619321,17.21309,-10.85122,4.606543,16.461564,-11.547159,1.99257,14.772822,-11.108773,1.487317,13.748262,-12.431363,0.876804,14.664265
-11.418621,4.509346,17.348896,-10.885123,4.617445,17.210041,-10.853224,4.605804,16.455565,-11.548,1.991459,14.767391,-11.108875,1.485026,13.746736,-12.433076,0.87349,14.665623
-11.419924,4.508341,17.344356,-10.886433,4.616435,17.205515,-10.855607,4.602655,16.452032,-11.557456,1.954423,14.766108,-11.108287,1.482842,13.74378,-12.431363,0.872947,14.661213
-11.421458,4.507088,17.34033,-10.888474,4.615839,17.202965,-10.856943,4.602162,16.448033,-11.55763,1.953142,14.765602,-11.108918,1.482116,13.741283,-12.432408,0.870682,14.65869
-11.423178,4.504182,17.338781,-10.890395,4.612164,17.201435,-10.858857,4.598866,16.443545,-11.557074,1.951459,14.763146,-11.10833,1.479933,13.738328,-12.432303,0.869139,14.657165
-11.424018,4.502657,17.336265,-10.891704,4.611154,17.196909,-10.861009,4.595966,16.439505,-11.557704,1.950728,14.760635,-11.110103,1.478058,13.73778,-12.433177,0.867739,14.658098
-11.426114,4.498724,17.331173,-10.893338,4.606699,17.193856,-10.862906,4.584078,16.427423,-11.557877,1.949447,14.760128,-11.109307,1.476648,13.73482,-12.433491,0.864656,14.656569
-11.427418,4.489994,17.316494,-10.894688,4.598485,17.179724,-10.864999,4.573722,16.419606,-11.557079,1.948027,14.757156,-11.109653,1.47409,13.733809,-12.435204,0.861342,14.657926
-11.428461,4.487704,17.313984,-10.896025,4.597991,17.175704,-10.86584,4.572199,16.417109,-11.557252,1.946747,14.75665,-11.10903,1.471401,13.730343,-12.435554,0.858774,14.656906
-11.4293,4.48618,17.311468,-10.897571,4.596363,17.174664,-10.866681,4.570676,16.414611,-11.557882,1.946015,14.754139,-11.108986,1.461065,13.718142,-12.434334,0.857301,14.656455
-11.430632,4.485692,17.307435,-10.898413,4.594835,17.172156,-10.868017,4.570184,16.410612,-11.558056,1.944734,14.753633,-11.109789,1.459061,13.715139,-12.435165,0.857391,14.651419
-11.431008,4.483646,17.306941,-10.899987,4.593721,17.171622,-10.868595,4.567381,16.410123,-11.55823,1.943454,14.753126,-11.109962,1.457781,13.714633,-12.436964,0.843794,14.634102